point,seed,steps,loss
0,0,1,0.16139844
1,0,1,0.33365545
2,0,1,0.8095717
3,0,1,0.03682148
4,0,1,1.9022281
5,0,1,0.14800213
6,0,1,0.06895437
7,0,1,1.6330085
8,0,1,0.078474104
9,0,1,5.049871
10,0,1,0.41102165
11,0,1,1.5329127
12,0,1,0.103241615
13,0,1,0.23572479
14,0,1,0.04553534
15,0,1,0.6029984
16,0,1,2.665885
17,0,1,2.4247632
18,0,1,1.1368659
19,0,1,0.016649177
20,0,1,0.091024
21,0,1,2.9854302
22,0,1,0.27371225
23,0,1,0.02237111
24,0,1,2.1996565
25,0,1,3.740949
26,0,1,0.11566182
27,0,1,1.189974
28,0,1,0.5358716
29,0,1,3.0439317
30,0,1,0.6781858
31,0,1,3.3556056
0,0,2,0.18223475
1,0,2,0.38749605
2,0,2,0.8958317
3,0,2,0.03732775
4,0,2,2.0634363
5,0,2,0.19347851
6,0,2,0.074819624
7,0,2,1.8733566
8,0,2,0.08634814
9,0,2,5.1939764
10,0,2,0.4837979
11,0,2,1.685685
12,0,2,0.11169296
13,0,2,0.29751676
14,0,2,0.049278118
15,0,2,0.76696295
16,0,2,2.9991446
17,0,2,2.5795372
18,0,2,1.5761892
19,0,2,0.017734138
20,0,2,0.099780984
21,0,2,3.5644424
22,0,2,0.34296626
23,0,2,0.023160266
24,0,2,2.3474703
25,0,2,3.9952266
26,0,2,0.13963038
27,0,2,1.3240131
28,0,2,0.5935333
29,0,2,3.1322408
30,0,2,0.80766475
31,0,2,3.8575594
0,0,5,0.25134176
1,0,5,0.54036504
2,0,5,1.1004692
3,0,5,0.04219584
4,0,5,2.5045662
5,0,5,0.41850224
6,0,5,0.089770526
7,0,5,2.4984522
8,0,5,0.10548943
9,0,5,5.5172205
10,0,5,0.66708744
11,0,5,2.1224983
12,0,5,0.14202912
13,0,5,0.52284074
14,0,5,0.06188413
15,0,5,1.2971221
16,0,5,3.958581
17,0,5,2.9249537
18,0,5,2.698686
19,0,5,0.02083759
20,0,5,0.12626116
21,0,5,4.93756
22,0,5,0.7262917
23,0,5,0.024709037
24,0,5,2.672264
25,0,5,4.6241417
26,0,5,0.22050999
27,0,5,1.7475765
28,0,5,0.7765592
29,0,5,3.3338187
30,0,5,1.3083417
31,0,5,4.7968607
0,0,10,0.39803642
1,0,10,0.8034851
2,0,10,1.289873
3,0,10,0.051424373
4,0,10,3.00448
5,0,10,0.8668652
6,0,10,0.11874863
7,0,10,3.4961598
8,0,10,0.12870513
9,0,10,5.8280087
10,0,10,0.9269591
11,0,10,2.5757556
12,0,10,0.26701862
13,0,10,0.89953715
14,0,10,0.0851256
15,0,10,2.107708
16,0,10,4.9445705
17,0,10,3.2780437
18,0,10,3.8175154
19,0,10,0.024255328
20,0,10,0.16386127
21,0,10,5.9854755
22,0,10,1.7518044
23,0,10,0.028427603
24,0,10,2.968188
25,0,10,5.2836905
26,0,10,0.42340922
27,0,10,2.2419045
28,0,10,0.96035343
29,0,10,3.5171573
30,0,10,2.036155
31,0,10,5.6230516
0,0,50,0.5841721
1,0,50,0.96371174
2,0,50,1.336541
3,0,50,0.07451491
4,0,50,3.1427157
5,0,50,1.2155766
6,0,50,0.12954696
7,0,50,4.512723
8,0,50,0.12843284
9,0,50,5.8762016
10,0,50,1.0720991
11,0,50,2.706477
12,0,50,0.7875163
13,0,50,1.1723344
14,0,50,0.10939224
15,0,50,2.7195756
16,0,50,5.163267
17,0,50,3.3765163
18,0,50,4.0196013
19,0,50,0.023974547
20,0,50,0.18637805
21,0,50,6.300688
22,0,50,2.4055426
23,0,50,0.027177742
24,0,50,3.0156446
25,0,50,5.465781
26,0,50,0.72744983
27,0,50,2.3617806
28,0,50,1.0134138
29,0,50,3.5796921
30,0,50,2.2727997
31,0,50,5.910192
0,0,100,0.6113392
1,0,100,0.9785034
2,0,100,1.3162233
3,0,100,0.085301384
4,0,100,3.1416
5,0,100,1.211315
6,0,100,0.1280037
7,0,100,4.483914
8,0,100,0.1278521
9,0,100,5.868031
10,0,100,1.0781707
11,0,100,2.7162757
12,0,100,0.78803444
13,0,100,1.1932251
14,0,100,0.108211786
15,0,100,2.772397
16,0,100,5.191206
17,0,100,3.3717482
18,0,100,3.9986098
19,0,100,0.02374516
20,0,100,0.18332028
21,0,100,6.3129454
22,0,100,2.3960419
23,0,100,0.027012588
24,0,100,3.0145235
25,0,100,5.451125
26,0,100,0.74026537
27,0,100,2.364788
28,0,100,1.0188134
29,0,100,3.6041281
30,0,100,2.2824767
31,0,100,5.8749275
0,0,200,0.61139834
1,0,200,0.9634457
2,0,200,1.331994
3,0,200,0.08578618
4,0,200,3.1364026
5,0,200,1.212039
6,0,200,0.13065492
7,0,200,4.489704
8,0,200,0.1278371
9,0,200,5.8599906
10,0,200,1.0830235
11,0,200,2.7136173
12,0,200,0.77601856
13,0,200,1.1919835
14,0,200,0.108054094
15,0,200,2.7585993
16,0,200,5.1878576
17,0,200,3.3718572
18,0,200,4.014557
19,0,200,0.024034364
20,0,200,0.18785724
21,0,200,6.317034
22,0,200,2.408089
23,0,200,0.02711997
24,0,200,3.0013847
25,0,200,5.460088
26,0,200,0.74819916
27,0,200,2.3525019
28,0,200,1.0197839
29,0,200,3.5914688
30,0,200,2.2798252
31,0,200,5.872034
0,0,500,0.6155044
1,0,500,0.97380817
2,0,500,1.3359361
3,0,500,0.08660477
4,0,500,3.1370206
5,0,500,1.2124563
6,0,500,0.1324194
7,0,500,4.4635663
8,0,500,0.12771149
9,0,500,5.8572903
10,0,500,1.0792946
11,0,500,2.7161655
12,0,500,0.8011963
13,0,500,1.2021407
14,0,500,0.10804363
15,0,500,2.7713785
16,0,500,5.163822
17,0,500,3.370202
18,0,500,4.0182767
19,0,500,0.023735395
20,0,500,0.18512392
21,0,500,6.299404
22,0,500,2.3799658
23,0,500,0.027069546
24,0,500,3.0051572
25,0,500,5.4555616
26,0,500,0.74226016
27,0,500,2.3642464
28,0,500,1.0134723
29,0,500,3.5886943
30,0,500,2.2653444
31,0,500,5.895957
0,1,1,0.16005853
1,1,1,0.33578414
2,1,1,0.8032577
3,1,1,0.037118774
4,1,1,1.907874
5,1,1,0.14890175
6,1,1,0.069012515
7,1,1,1.63817
8,1,1,0.08041328
9,1,1,5.0699263
10,1,1,0.42424527
11,1,1,1.5251727
12,1,1,0.10535447
13,1,1,0.23340292
14,1,1,0.045539625
15,1,1,0.6022694
16,1,1,2.6544561
17,1,1,2.4325266
18,1,1,1.1670299
19,1,1,0.016343577
20,1,1,0.0909424
21,1,1,2.9877563
22,1,1,0.2735996
23,1,1,0.022495126
24,1,1,2.2078583
25,1,1,3.7456298
26,1,1,0.11741133
27,1,1,1.2016646
28,1,1,0.5315175
29,1,1,3.0445762
30,1,1,0.6675537
31,1,1,3.3506975
0,1,2,0.17988406
1,1,2,0.38545993
2,1,2,0.8928894
3,1,2,0.038138118
4,1,2,2.064665
5,1,2,0.19285205
6,1,2,0.07334696
7,1,2,1.8340775
8,1,2,0.08608036
9,1,2,5.1870785
10,1,2,0.47890007
11,1,2,1.6845479
12,1,2,0.11623515
13,1,2,0.294695
14,1,2,0.049585424
15,1,2,0.7699934
16,1,2,3.002579
17,1,2,2.5720766
18,1,2,1.5377433
19,1,2,0.018002013
20,1,2,0.09857658
21,1,2,3.6095016
22,1,2,0.33841428
23,1,2,0.023078613
24,1,2,2.333652
25,1,2,3.9836175
26,1,2,0.1384263
27,1,2,1.3398961
28,1,2,0.58212197
29,1,2,3.1297755
30,1,2,0.7990365
31,1,2,3.8033786
0,1,5,0.24828434
1,1,5,0.55512655
2,1,5,1.1115842
3,1,5,0.042650834
4,1,5,2.501696
5,1,5,0.41101256
6,1,5,0.09068312
7,1,5,2.4908264
8,1,5,0.106140144
9,1,5,5.51486
10,1,5,0.67940664
11,1,5,2.1179059
12,1,5,0.15506148
13,1,5,0.52390933
14,1,5,0.06210451
15,1,5,1.314244
16,1,5,3.9387617
17,1,5,2.9128168
18,1,5,2.7210815
19,1,5,0.020598728
20,1,5,0.12746282
21,1,5,4.9393325
22,1,5,0.72515374
23,1,5,0.02550447
24,1,5,2.6697335
25,1,5,4.6297245
26,1,5,0.22821681
27,1,5,1.7617457
28,1,5,0.76313776
29,1,5,3.3450506
30,1,5,1.3397558
31,1,5,4.771018
0,1,10,0.39741933
1,1,10,0.8120561
2,1,10,1.294422
3,1,10,0.049505666
4,1,10,3.0074897
5,1,10,0.8587594
6,1,10,0.11820182
7,1,10,3.4233599
8,1,10,0.12786703
9,1,10,5.8296566
10,1,10,0.9332843
11,1,10,2.5781171
12,1,10,0.26683682
13,1,10,0.9063268
14,1,10,0.08560668
15,1,10,2.0911593
16,1,10,4.948804
17,1,10,3.2727242
18,1,10,3.8136427
19,1,10,0.02443945
20,1,10,0.16147588
21,1,10,5.973037
22,1,10,1.7614102
23,1,10,0.028422019
24,1,10,2.9710078
25,1,10,5.2927027
26,1,10,0.42838687
27,1,10,2.2312505
28,1,10,0.96821296
29,1,10,3.506543
30,1,10,2.0510283
31,1,10,5.6690655
0,1,50,0.5815539
1,1,50,0.9680069
2,1,50,1.3198719
3,1,50,0.07401442
4,1,50,3.1413624
5,1,50,1.2163943
6,1,50,0.13460188
7,1,50,4.4893894
8,1,50,0.12666973
9,1,50,5.8662567
10,1,50,1.0837432
11,1,50,2.726987
12,1,50,0.78061503
13,1,50,1.1675087
14,1,50,0.10986502
15,1,50,2.7182074
16,1,50,5.157925
17,1,50,3.3770967
18,1,50,4.011198
19,1,50,0.024334678
20,1,50,0.18784188
21,1,50,6.321607
22,1,50,2.3851984
23,1,50,0.02713345
24,1,50,3.0217695
25,1,50,5.4632864
26,1,50,0.74252784
27,1,50,2.3660402
28,1,50,1.0115347
29,1,50,3.5966244
30,1,50,2.2734613
31,1,50,5.8899813
0,1,100,0.59780204
1,1,100,0.97205293
2,1,100,1.3275853
3,1,100,0.058877043
4,1,100,3.1460176
5,1,100,1.1965189
6,1,100,0.12547374
7,1,100,4.5170345
8,1,100,0.12894444
9,1,100,5.8302994
10,1,100,1.0546337
11,1,100,2.7124174
12,1,100,0.7928164
13,1,100,1.1322914
14,1,100,0.11011157
15,1,100,2.534973
16,1,100,5.165755
17,1,100,3.3704584
18,1,100,4.024599
19,1,100,0.022275018
20,1,100,0.17732704
21,1,100,6.287547
22,1,100,2.449298
23,1,100,0.029792296
24,1,100,3.0368543
25,1,100,5.463359
26,1,100,0.7269753
27,1,100,2.371493
28,1,100,1.0030411
29,1,100,3.5836542
30,1,100,2.3008084
31,1,100,5.8597245
0,1,200,0.61689794
1,1,200,0.970618
2,1,200,1.3227654
3,1,200,0.086786225
4,1,200,3.1372442
5,1,200,1.2090288
6,1,200,0.13187505
7,1,200,4.485174
8,1,200,0.12378252
9,1,200,5.8657694
10,1,200,1.0880549
11,1,200,2.7142663
12,1,200,0.78578305
13,1,200,1.1845412
14,1,200,0.10926222
15,1,200,2.7607965
16,1,200,5.182434
17,1,200,3.3745062
18,1,200,4.0044117
19,1,200,0.024046592
20,1,200,0.18581063
21,1,200,6.3247013
22,1,200,2.4041972
23,1,200,0.027031261
24,1,200,3.0109105
25,1,200,5.4594126
26,1,200,0.75258255
27,1,200,2.3651931
28,1,200,1.0159816
29,1,200,3.5910208
30,1,200,2.2636032
31,1,200,5.877669
0,1,500,0.62045026
1,1,500,0.969838
2,1,500,1.3086693
3,1,500,0.08664004
4,1,500,3.1355886
5,1,500,1.2181547
6,1,500,0.13040425
7,1,500,4.4805126
8,1,500,0.12826346
9,1,500,5.861874
10,1,500,1.1059716
11,1,500,2.7115724
12,1,500,0.80140716
13,1,500,1.1907855
14,1,500,0.10985033
15,1,500,2.7767034
16,1,500,5.182863
17,1,500,3.3709998
18,1,500,4.0149326
19,1,500,0.024160374
20,1,500,0.18489131
21,1,500,6.330577
22,1,500,2.3998225
23,1,500,0.026899653
24,1,500,3.0206113
25,1,500,5.4574175
26,1,500,0.74894685
27,1,500,2.3588347
28,1,500,1.0204797
29,1,500,3.5878894
30,1,500,2.2793975
31,1,500,5.895707
0,2,1,0.16379735
1,2,1,0.33506873
2,2,1,0.8017358
3,2,1,0.036885154
4,2,1,1.9015421
5,2,1,0.1423761
6,2,1,0.06770083
7,2,1,1.6399621
8,2,1,0.0789613
9,2,1,5.0572844
10,2,1,0.4077504
11,2,1,1.5305241
12,2,1,0.099781215
13,2,1,0.24111062
14,2,1,0.045515552
15,2,1,0.61527485
16,2,1,2.6956444
17,2,1,2.4371536
18,2,1,1.1495374
19,2,1,0.01655026
20,2,1,0.08945548
21,2,1,3.0338545
22,2,1,0.27110323
23,2,1,0.02252673
24,2,1,2.1994941
25,2,1,3.733079
26,2,1,0.119469665
27,2,1,1.192649
28,2,1,0.53186613
29,2,1,3.0403893
30,2,1,0.67399436
31,2,1,3.3460076
0,2,2,0.17944212
1,2,2,0.39223528
2,2,2,0.8933804
3,2,2,0.03789253
4,2,2,2.0614502
5,2,2,0.19801404
6,2,2,0.07361912
7,2,2,1.8715019
8,2,2,0.08911734
9,2,2,5.197734
10,2,2,0.4789818
11,2,2,1.692663
12,2,2,0.11836237
13,2,2,0.29423147
14,2,2,0.049788367
15,2,2,0.7625425
16,2,2,3.0149221
17,2,2,2.5789664
18,2,2,1.573016
19,2,2,0.017577317
20,2,2,0.09837629
21,2,2,3.6398835
22,2,2,0.34204
23,2,2,0.023064407
24,2,2,2.3436055
25,2,2,3.9787362
26,2,2,0.14057383
27,2,2,1.3561053
28,2,2,0.5929482
29,2,2,3.1312423
30,2,2,0.80635464
31,2,2,3.7628686
0,2,5,0.2544341
1,2,5,0.5454466
2,2,5,1.1164001
3,2,5,0.04297142
4,2,5,2.5027118
5,2,5,0.42244995
6,2,5,0.088024735
7,2,5,2.4989972
8,2,5,0.108131796
9,2,5,5.524048
10,2,5,0.6680941
11,2,5,2.1125865
12,2,5,0.14909683
13,2,5,0.5192993
14,2,5,0.06269248
15,2,5,1.3143722
16,2,5,3.96139
17,2,5,2.9239593
18,2,5,2.7167492
19,2,5,0.020841328
20,2,5,0.12490065
21,2,5,4.946793
22,2,5,0.7222018
23,2,5,0.025837615
24,2,5,2.6629424
25,2,5,4.6576524
26,2,5,0.22427651
27,2,5,1.7692666
28,2,5,0.7649904
29,2,5,3.3392878
30,2,5,1.3605784
31,2,5,4.7590313
0,2,10,0.38855788
1,2,10,0.807712
2,2,10,1.3226339
3,2,10,0.046960782
4,2,10,3.0209837
5,2,10,0.8525888
6,2,10,0.11429107
7,2,10,3.4173732
8,2,10,0.12785909
9,2,10,5.8159857
10,2,10,0.9243926
11,2,10,2.5668054
12,2,10,0.24775094
13,2,10,0.8871561
14,2,10,0.08632966
15,2,10,2.0893717
16,2,10,4.9403896
17,2,10,3.272465
18,2,10,3.8135378
19,2,10,0.022607613
20,2,10,0.16231635
21,2,10,5.966291
22,2,10,1.7743131
23,2,10,0.02861478
24,2,10,2.96375
25,2,10,5.288023
26,2,10,0.4092152
27,2,10,2.2309637
28,2,10,0.9686767
29,2,10,3.517236
30,2,10,2.0702481
31,2,10,5.692045
0,2,50,0.58209074
1,2,50,0.96739525
2,2,50,1.3220139
3,2,50,0.07583305
4,2,50,3.142989
5,2,50,1.2215189
6,2,50,0.13082743
7,2,50,4.4727535
8,2,50,0.13032588
9,2,50,5.8721714
10,2,50,1.080731
11,2,50,2.7194667
12,2,50,0.7801974
13,2,50,1.1735516
14,2,50,0.10907325
15,2,50,2.7327754
16,2,50,5.1700053
17,2,50,3.373313
18,2,50,3.998532
19,2,50,0.023470879
20,2,50,0.18714023
21,2,50,6.297657
22,2,50,2.3854954
23,2,50,0.027124034
24,2,50,3.0304177
25,2,50,5.4573693
26,2,50,0.73302543
27,2,50,2.3552008
28,2,50,1.0136976
29,2,50,3.5898104
30,2,50,2.2882183
31,2,50,5.8580265
0,2,100,0.60848534
1,2,100,0.9652057
2,2,100,1.3338912
3,2,100,0.085894406
4,2,100,3.1399357
5,2,100,1.2122704
6,2,100,0.1350947
7,2,100,4.4894776
8,2,100,0.12868974
9,2,100,5.8717265
10,2,100,1.0696825
11,2,100,2.7084284
12,2,100,0.79202116
13,2,100,1.1861491
14,2,100,0.10858528
15,2,100,2.7800708
16,2,100,5.188299
17,2,100,3.3749137
18,2,100,3.9992359
19,2,100,0.023546774
20,2,100,0.18807043
21,2,100,6.3047585
22,2,100,2.3811898
23,2,100,0.026870381
24,2,100,3.0180228
25,2,100,5.458556
26,2,100,0.7438854
27,2,100,2.359065
28,2,100,1.0139257
29,2,100,3.5903833
30,2,100,2.2754946
31,2,100,5.908507
0,2,200,0.61463207
1,2,200,0.961131
2,2,200,1.3376362
3,2,200,0.085680634
4,2,200,3.13839
5,2,200,1.2137787
6,2,200,0.12905766
7,2,200,4.47276
8,2,200,0.128486
9,2,200,5.8605776
10,2,200,1.0776806
11,2,200,2.7124784
12,2,200,0.80844337
13,2,200,1.1884627
14,2,200,0.10869654
15,2,200,2.7729642
16,2,200,5.193057
17,2,200,3.367775
18,2,200,4.0001135
19,2,200,0.023028975
20,2,200,0.18570189
21,2,200,6.3134394
22,2,200,2.402267
23,2,200,0.027282633
24,2,200,3.0112793
25,2,200,5.4555235
26,2,200,0.74064416
27,2,200,2.3712006
28,2,200,1.0129054
29,2,200,3.5848713
30,2,200,2.2708993
31,2,200,5.8859806
0,2,500,0.61503613
1,2,500,0.96556276
2,2,500,1.3238671
3,2,500,0.08873197
4,2,500,3.1418428
5,2,500,1.2055418
6,2,500,0.13005988
7,2,500,4.483304
8,2,500,0.12629451
9,2,500,5.8630676
10,2,500,1.0846623
11,2,500,2.7124693
12,2,500,0.8046947
13,2,500,1.1777877
14,2,500,0.10840305
15,2,500,2.7618017
16,2,500,5.1965666
17,2,500,3.3688016
18,2,500,3.9981773
19,2,500,0.024073716
20,2,500,0.18482892
21,2,500,6.326434
22,2,500,2.4023414
23,2,500,0.02680545
24,2,500,3.000955
25,2,500,5.463543
26,2,500,0.74621445
27,2,500,2.3642488
28,2,500,1.0172803
29,2,500,3.5963266
30,2,500,2.2871466
31,2,500,5.874714
0,3,1,0.16033153
1,3,1,0.3413402
2,3,1,0.8154532
3,3,1,0.036811285
4,3,1,1.9047688
5,3,1,0.14498545
6,3,1,0.069284245
7,3,1,1.6445496
8,3,1,0.079184026
9,3,1,5.0531607
10,3,1,0.40509623
11,3,1,1.5277014
12,3,1,0.101430014
13,3,1,0.23970725
14,3,1,0.045948714
15,3,1,0.6021216
16,3,1,2.66978
17,3,1,2.4337752
18,3,1,1.1492499
19,3,1,0.016701508
20,3,1,0.089871496
21,3,1,3.0150614
22,3,1,0.2734496
23,3,1,0.022599919
24,3,1,2.2150187
25,3,1,3.7332866
26,3,1,0.11892175
27,3,1,1.1940322
28,3,1,0.539412
29,3,1,3.0276723
30,3,1,0.660433
31,3,1,3.3699362
0,3,2,0.17852268
1,3,2,0.3868281
2,3,2,0.89257765
3,3,2,0.037933648
4,3,2,2.0722995
5,3,2,0.19201496
6,3,2,0.07122026
7,3,2,1.8845618
8,3,2,0.08728176
9,3,2,5.201493
10,3,2,0.48410678
11,3,2,1.687444
12,3,2,0.11286408
13,3,2,0.29982784
14,3,2,0.04900842
15,3,2,0.7717915
16,3,2,3.0150576
17,3,2,2.5627644
18,3,2,1.5667851
19,3,2,0.017608851
20,3,2,0.099731356
21,3,2,3.6223264
22,3,2,0.33665052
23,3,2,0.023190906
24,3,2,2.3366363
25,3,2,4.004419
26,3,2,0.13936526
27,3,2,1.3400478
28,3,2,0.59133506
29,3,2,3.1301262
30,3,2,0.80831414
31,3,2,3.7778113
0,3,5,0.25185955
1,3,5,0.5469715
2,3,5,1.1010289
3,3,5,0.04281596
4,3,5,2.4978776
5,3,5,0.41289344
6,3,5,0.09048783
7,3,5,2.5022087
8,3,5,0.10680172
9,3,5,5.5268607
10,3,5,0.68547434
11,3,5,2.121677
12,3,5,0.14275089
13,3,5,0.51609457
14,3,5,0.06312336
15,3,5,1.3144608
16,3,5,3.9344366
17,3,5,2.9193385
18,3,5,2.735142
19,3,5,0.021009956
20,3,5,0.12350803
21,3,5,4.9600964
22,3,5,0.7188254
23,3,5,0.025668494
24,3,5,2.667863
25,3,5,4.6595697
26,3,5,0.23032045
27,3,5,1.7695214
28,3,5,0.7630127
29,3,5,3.3381894
30,3,5,1.3045882
31,3,5,4.780728
0,3,10,0.3953507
1,3,10,0.80249363
2,3,10,1.3039852
3,3,10,0.05097237
4,3,10,3.0057116
5,3,10,0.8572274
6,3,10,0.113881044
7,3,10,3.465628
8,3,10,0.12654348
9,3,10,5.8305473
10,3,10,0.9055917
11,3,10,2.5811148
12,3,10,0.24855636
13,3,10,0.90516955
14,3,10,0.08519119
15,3,10,2.1407185
16,3,10,4.9634504
17,3,10,3.2642517
18,3,10,3.8197806
19,3,10,0.024798334
20,3,10,0.16120288
21,3,10,5.97626
22,3,10,1.7656007
23,3,10,0.02848859
24,3,10,2.9556816
25,3,10,5.2898474
26,3,10,0.41388232
27,3,10,2.2398782
28,3,10,0.96750647
29,3,10,3.52528
30,3,10,2.0425496
31,3,10,5.6930017
0,3,50,0.58034766
1,3,50,0.9671132
2,3,50,1.3049122
3,3,50,0.079031326
4,3,50,3.1352491
5,3,50,1.2084277
6,3,50,0.13357624
7,3,50,4.4744864
8,3,50,0.12608965
9,3,50,5.8666267
10,3,50,1.0775172
11,3,50,2.720074
12,3,50,0.7721478
13,3,50,1.1692485
14,3,50,0.10913462
15,3,50,2.7344544
16,3,50,5.175029
17,3,50,3.3761919
18,3,50,4.0297875
19,3,50,0.023498222
20,3,50,0.18840365
21,3,50,6.3053856
22,3,50,2.3786597
23,3,50,0.027046341
24,3,50,3.013608
25,3,50,5.458659
26,3,50,0.7247711
27,3,50,2.3673782
28,3,50,1.0164696
29,3,50,3.5824456
30,3,50,2.2897394
31,3,50,5.8754473
0,3,100,0.603823
1,3,100,0.96416575
2,3,100,1.3104494
3,3,100,0.08635867
4,3,100,3.1271496
5,3,100,1.2146766
6,3,100,0.12903136
7,3,100,4.4857373
8,3,100,0.12683079
9,3,100,5.870618
10,3,100,1.0970916
11,3,100,2.7144074
12,3,100,0.7856536
13,3,100,1.185428
14,3,100,0.109503195
15,3,100,2.7508762
16,3,100,5.186549
17,3,100,3.3737466
18,3,100,3.9945476
19,3,100,0.024227506
20,3,100,0.18458849
21,3,100,6.310466
22,3,100,2.408518
23,3,100,0.027092634
24,3,100,3.0082088
25,3,100,5.4659486
26,3,100,0.7470122
27,3,100,2.358601
28,3,100,1.0113752
29,3,100,3.5940933
30,3,100,2.2814746
31,3,100,5.858613
0,3,200,0.61852086
1,3,200,0.9703826
2,3,200,1.3427022
3,3,200,0.08746243
4,3,200,3.148536
5,3,200,1.2115121
6,3,200,0.12814867
7,3,200,4.471216
8,3,200,0.12634882
9,3,200,5.8726416
10,3,200,1.0971991
11,3,200,2.7084408
12,3,200,0.79356617
13,3,200,1.1948477
14,3,200,0.10987623
15,3,200,2.7559133
16,3,200,5.176515
17,3,200,3.3726816
18,3,200,3.998946
19,3,200,0.024064036
20,3,200,0.18560377
21,3,200,6.301066
22,3,200,2.3829248
23,3,200,0.027273973
24,3,200,3.002927
25,3,200,5.4606066
26,3,200,0.74359965
27,3,200,2.3570597
28,3,200,1.013476
29,3,200,3.5883634
30,3,200,2.2748635
31,3,200,5.9283104
0,3,500,0.6210386
1,3,500,0.96740353
2,3,500,1.3316766
3,3,500,0.08783598
4,3,500,3.137041
5,3,500,1.2141426
6,3,500,0.1321613
7,3,500,4.472257
8,3,500,0.12595676
9,3,500,5.8663907
10,3,500,1.0979576
11,3,500,2.7138147
12,3,500,0.832297
13,3,500,1.1860397
14,3,500,0.10953887
15,3,500,2.7775528
16,3,500,5.207089
17,3,500,3.3795066
18,3,500,3.9826965
19,3,500,0.02415516
20,3,500,0.18669212
21,3,500,6.3222933
22,3,500,2.409357
23,3,500,0.026870195
24,3,500,3.0118878
25,3,500,5.467682
26,3,500,0.7496246
27,3,500,2.36232
28,3,500,1.017308
29,3,500,3.5810146
30,3,500,2.271325
31,3,500,5.898176
0,4,1,0.16398636
1,4,1,0.33557385
2,4,1,0.80151755
3,4,1,0.036345083
4,4,1,1.8975817
5,4,1,0.148323
6,4,1,0.06811675
7,4,1,1.6393577
8,4,1,0.07927796
9,4,1,5.0633507
10,4,1,0.41452774
11,4,1,1.5226169
12,4,1,0.10251027
13,4,1,0.23790906
14,4,1,0.04564261
15,4,1,0.6179348
16,4,1,2.672828
17,4,1,2.4296997
18,4,1,1.1489365
19,4,1,0.016694821
20,4,1,0.0886959
21,4,1,2.992435
22,4,1,0.27385125
23,4,1,0.022504702
24,4,1,2.2097185
25,4,1,3.7464063
26,4,1,0.116697215
27,4,1,1.2016715
28,4,1,0.52854246
29,4,1,3.037168
30,4,1,0.68452764
31,4,1,3.3720467
0,4,2,0.18270254
1,4,2,0.3843198
2,4,2,0.9028812
3,4,2,0.038215652
4,4,2,2.0638094
5,4,2,0.19732046
6,4,2,0.074393675
7,4,2,1.8664058
8,4,2,0.08803692
9,4,2,5.1903076
10,4,2,0.47518384
11,4,2,1.6834359
12,4,2,0.11568869
13,4,2,0.293485
14,4,2,0.04965757
15,4,2,0.7716588
16,4,2,2.9911702
17,4,2,2.572854
18,4,2,1.5569361
19,4,2,0.017379083
20,4,2,0.101494715
21,4,2,3.5652037
22,4,2,0.34727395
23,4,2,0.023064641
24,4,2,2.3427806
25,4,2,3.9840586
26,4,2,0.13895898
27,4,2,1.3542018
28,4,2,0.5940159
29,4,2,3.1275184
30,4,2,0.8143242
31,4,2,3.791928
0,4,5,0.2537228
1,4,5,0.5615528
2,4,5,1.1043082
3,4,5,0.042405467
4,4,5,2.509941
5,4,5,0.41167146
6,4,5,0.0879497
7,4,5,2.491495
8,4,5,0.10434076
9,4,5,5.509922
10,4,5,0.69450915
11,4,5,2.1142344
12,4,5,0.147556
13,4,5,0.5205436
14,4,5,0.06254915
15,4,5,1.3036991
16,4,5,3.9805858
17,4,5,2.920311
18,4,5,2.7234247
19,4,5,0.02089447
20,4,5,0.12410865
21,4,5,4.9556255
22,4,5,0.72077554
23,4,5,0.02574678
24,4,5,2.6589022
25,4,5,4.63465
26,4,5,0.22770846
27,4,5,1.7645185
28,4,5,0.76336044
29,4,5,3.332595
30,4,5,1.3253284
31,4,5,4.804961
0,4,10,0.39283764
1,4,10,0.80974275
2,4,10,1.3089418
3,4,10,0.050848514
4,4,10,3.0116215
5,4,10,0.8576758
6,4,10,0.11511527
7,4,10,3.3124762
8,4,10,0.12560438
9,4,10,5.8319225
10,4,10,0.9371225
11,4,10,2.581456
12,4,10,0.27745098
13,4,10,0.9043811
14,4,10,0.08612203
15,4,10,2.1262922
16,4,10,4.97692
17,4,10,3.2681081
18,4,10,3.81024
19,4,10,0.024073832
20,4,10,0.16251771
21,4,10,5.9737606
22,4,10,1.7827934
23,4,10,0.028546274
24,4,10,2.966078
25,4,10,5.2818317
26,4,10,0.4258227
27,4,10,2.240172
28,4,10,0.96939665
29,4,10,3.5285606
30,4,10,2.0468626
31,4,10,5.680256
0,4,50,0.58225334
1,4,50,0.97228783
2,4,50,1.3196052
3,4,50,0.07744112
4,4,50,3.134833
5,4,50,1.2083495
6,4,50,0.13602255
7,4,50,4.482338
8,4,50,0.12574641
9,4,50,5.866353
10,4,50,1.0612652
11,4,50,2.7126043
12,4,50,0.77031827
13,4,50,1.172716
14,4,50,0.10936241
15,4,50,2.7411091
16,4,50,5.160682
17,4,50,3.372599
18,4,50,4.0121183
19,4,50,0.023802675
20,4,50,0.18775013
21,4,50,6.30952
22,4,50,2.3876214
23,4,50,0.027349176
24,4,50,3.0237176
25,4,50,5.459347
26,4,50,0.72519845
27,4,50,2.3638282
28,4,50,1.0135458
29,4,50,3.5919716
30,4,50,2.2802126
31,4,50,5.908578
0,4,100,0.6162065
1,4,100,0.96768016
2,4,100,1.3324332
3,4,100,0.08538096
4,4,100,3.1437397
5,4,100,1.2060276
6,4,100,0.12860586
7,4,100,4.484353
8,4,100,0.12643287
9,4,100,5.863352
10,4,100,1.0829779
11,4,100,2.7229364
12,4,100,0.79036355
13,4,100,1.1817318
14,4,100,0.10847144
15,4,100,2.7613966
16,4,100,5.1874843
17,4,100,3.3764331
18,4,100,3.9992354
19,4,100,0.024261836
20,4,100,0.18681154
21,4,100,6.309549
22,4,100,2.3829021
23,4,100,0.02727486
24,4,100,3.0170944
25,4,100,5.4709806
26,4,100,0.73925054
27,4,100,2.366739
28,4,100,1.019715
29,4,100,3.5958953
30,4,100,2.3051772
31,4,100,5.8624973
0,4,200,0.6159466
1,4,200,0.96441424
2,4,200,1.3380313
3,4,200,0.08643828
4,4,200,3.135933
5,4,200,1.2239367
6,4,200,0.13111767
7,4,200,4.482174
8,4,200,0.12707062
9,4,200,5.8636713
10,4,200,1.0999062
11,4,200,2.7139177
12,4,200,0.8037552
13,4,200,1.1840463
14,4,200,0.10857046
15,4,200,2.7657344
16,4,200,5.1880493
17,4,200,3.3748088
18,4,200,4.000918
19,4,200,0.024154807
20,4,200,0.1872852
21,4,200,6.345936
22,4,200,2.3999414
23,4,200,0.026860302
24,4,200,3.0060706
25,4,200,5.456147
26,4,200,0.7468623
27,4,200,2.3687248
28,4,200,1.0156181
29,4,200,3.5845346
30,4,200,2.263465
31,4,200,5.912817
0,4,500,0.6191342
1,4,500,0.97282106
2,4,500,1.3170681
3,4,500,0.08745684
4,4,500,3.1382058
5,4,500,1.217589
6,4,500,0.13215436
7,4,500,4.494122
8,4,500,0.12792598
9,4,500,5.8649035
10,4,500,1.0966829
11,4,500,2.7094078
12,4,500,0.811824
13,4,500,1.1900895
14,4,500,0.109204106
15,4,500,2.7725983
16,4,500,5.1750402
17,4,500,3.3726897
18,4,500,4.0121603
19,4,500,0.024606258
20,4,500,0.18697362
21,4,500,6.3355293
22,4,500,2.3826203
23,4,500,0.02699232
24,4,500,3.0004897
25,4,500,5.4620814
26,4,500,0.74644786
27,4,500,2.3566346
28,4,500,1.011915
29,4,500,3.5848143
30,4,500,2.271712
31,4,500,5.9005837
0,5,1,0.16464107
1,5,1,0.33356223
2,5,1,0.80339915
3,5,1,0.03659769
4,5,1,1.9020824
5,5,1,0.14664145
6,5,1,0.068802
7,5,1,1.6390748
8,5,1,0.081261456
9,5,1,5.061708
10,5,1,0.40890935
11,5,1,1.5285943
12,5,1,0.10027583
13,5,1,0.23283686
14,5,1,0.045525394
15,5,1,0.60741246
16,5,1,2.6890643
17,5,1,2.4288952
18,5,1,1.1702448
19,5,1,0.016453205
20,5,1,0.08910887
21,5,1,3.0079765
22,5,1,0.270944
23,5,1,0.022361534
24,5,1,2.2052698
25,5,1,3.7368312
26,5,1,0.11633522
27,5,1,1.1934447
28,5,1,0.53243804
29,5,1,3.0364952
30,5,1,0.68575156
31,5,1,3.386047
0,5,2,0.17831062
1,5,2,0.38516966
2,5,2,0.905992
3,5,2,0.038410585
4,5,2,2.0652
5,5,2,0.19510278
6,5,2,0.07386944
7,5,2,1.8683324
8,5,2,0.0877992
9,5,2,5.1838264
10,5,2,0.48246244
11,5,2,1.6966319
12,5,2,0.11087798
13,5,2,0.29747257
14,5,2,0.049810722
15,5,2,0.7742817
16,5,2,3.004929
17,5,2,2.5694194
18,5,2,1.5936816
19,5,2,0.01821663
20,5,2,0.09742002
21,5,2,3.584098
22,5,2,0.34416866
23,5,2,0.023580542
24,5,2,2.3459535
25,5,2,4.0062175
26,5,2,0.13717303
27,5,2,1.3559687
28,5,2,0.5970098
29,5,2,3.1328988
30,5,2,0.804785
31,5,2,3.780562
0,5,5,0.25079772
1,5,5,0.5489614
2,5,5,1.0996084
3,5,5,0.04272625
4,5,5,2.487188
5,5,5,0.40871555
6,5,5,0.090516604
7,5,5,2.5011432
8,5,5,0.10656394
9,5,5,5.507756
10,5,5,0.6649935
11,5,5,2.1160002
12,5,5,0.15677027
13,5,5,0.50847733
14,5,5,0.06213695
15,5,5,1.3201523
16,5,5,3.9636033
17,5,5,2.917443
18,5,5,2.720844
19,5,5,0.02104638
20,5,5,0.1232881
21,5,5,4.9613876
22,5,5,0.71401155
23,5,5,0.02452321
24,5,5,2.6567388
25,5,5,4.6555624
26,5,5,0.21984217
27,5,5,1.7722968
28,5,5,0.7632165
29,5,5,3.3455524
30,5,5,1.3235787
31,5,5,4.815461
0,5,10,0.3949968
1,5,10,0.7804798
2,5,10,1.3191146
3,5,10,0.05028823
4,5,10,3.0115714
5,5,10,0.86334133
6,5,10,0.118387125
7,5,10,3.4432642
8,5,10,0.12884699
9,5,10,5.8264656
10,5,10,0.84100926
11,5,10,2.5695512
12,5,10,0.24869154
13,5,10,0.9008192
14,5,10,0.086091675
15,5,10,2.0845635
16,5,10,4.949936
17,5,10,3.2673125
18,5,10,3.8295436
19,5,10,0.02401006
20,5,10,0.16183029
21,5,10,6.0012064
22,5,10,1.7823321
23,5,10,0.028488003
24,5,10,2.9769557
25,5,10,5.285943
26,5,10,0.41962934
27,5,10,2.2300076
28,5,10,0.9630296
29,5,10,3.5331821
30,5,10,2.02841
31,5,10,5.6611433
0,5,50,0.5806395
1,5,50,0.96437955
2,5,50,1.3119918
3,5,50,0.07770839
4,5,50,3.1306224
5,5,50,1.2129345
6,5,50,0.13283458
7,5,50,4.483842
8,5,50,0.12675768
9,5,50,5.8566146
10,5,50,1.0772572
11,5,50,2.7085404
12,5,50,0.7794527
13,5,50,1.1763927
14,5,50,0.10903307
15,5,50,2.7318149
16,5,50,5.162023
17,5,50,3.3694315
18,5,50,4.016578
19,5,50,0.023878893
20,5,50,0.18836093
21,5,50,6.294464
22,5,50,2.3987293
23,5,50,0.027274089
24,5,50,3.0143003
25,5,50,5.470443
26,5,50,0.72388685
27,5,50,2.365168
28,5,50,1.0180115
29,5,50,3.5950656
30,5,50,2.2923784
31,5,50,5.903792
0,5,100,0.61576444
1,5,100,0.9672609
2,5,100,1.3235188
3,5,100,0.08589553
4,5,100,3.1399999
5,5,100,1.216404
6,5,100,0.13231035
7,5,100,4.485453
8,5,100,0.12590729
9,5,100,5.8623466
10,5,100,1.0947536
11,5,100,2.717401
12,5,100,0.78762627
13,5,100,1.1884836
14,5,100,0.109135635
15,5,100,2.7507074
16,5,100,5.2026777
17,5,100,3.3697643
18,5,100,4.0119295
19,5,100,0.023862468
20,5,100,0.18488464
21,5,100,6.3072586
22,5,100,2.3909163
23,5,100,0.026897892
24,5,100,3.0156927
25,5,100,5.4593935
26,5,100,0.7383038
27,5,100,2.3712308
28,5,100,1.0157135
29,5,100,3.5928953
30,5,100,2.274437
31,5,100,5.881923
0,5,200,0.6112898
1,5,200,0.96941257
2,5,200,1.3150226
3,5,200,0.08673508
4,5,200,3.1370552
5,5,200,1.2170715
6,5,200,0.12730367
7,5,200,4.473285
8,5,200,0.1258644
9,5,200,5.8721123
10,5,200,1.0884647
11,5,200,2.711521
12,5,200,0.7927311
13,5,200,1.1878422
14,5,200,0.109436914
15,5,200,2.7820413
16,5,200,5.1885366
17,5,200,3.3778794
18,5,200,4.0001454
19,5,200,0.02435862
20,5,200,0.18785226
21,5,200,6.326513
22,5,200,2.3778243
23,5,200,0.026966223
24,5,200,3.0103035
25,5,200,5.4562473
26,5,200,0.74134195
27,5,200,2.3553228
28,5,200,1.0227641
29,5,200,3.5898247
30,5,200,2.2739067
31,5,200,5.904048
0,5,500,0.6168787
1,5,500,0.9695663
2,5,500,1.3474066
3,5,500,0.087036476
4,5,500,3.1386623
5,5,500,1.2198393
6,5,500,0.13043208
7,5,500,4.479084
8,5,500,0.1252679
9,5,500,5.865228
10,5,500,1.0935348
11,5,500,2.7127984
12,5,500,0.7994857
13,5,500,1.1894203
14,5,500,0.10827481
15,5,500,2.7808907
16,5,500,5.191904
17,5,500,3.3771648
18,5,500,4.0075607
19,5,500,0.024248939
20,5,500,0.18546927
21,5,500,6.3264666
22,5,500,2.3788831
23,5,500,0.027078917
24,5,500,3.007302
25,5,500,5.4605713
26,5,500,0.73959
27,5,500,2.365898
28,5,500,1.0148458
29,5,500,3.5988119
30,5,500,2.265716
31,5,500,5.88398
0,6,1,0.16363531
1,6,1,0.33489892
2,6,1,0.8016423
3,6,1,0.03636507
4,6,1,1.8967818
5,6,1,0.14187644
6,6,1,0.068118535
7,6,1,1.6233056
8,6,1,0.08068294
9,6,1,5.0652885
10,6,1,0.4137566
11,6,1,1.5267687
12,6,1,0.09854165
13,6,1,0.23386727
14,6,1,0.045688074
15,6,1,0.6084096
16,6,1,2.7101116
17,6,1,2.4319463
18,6,1,1.1287079
19,6,1,0.016261056
20,6,1,0.09071559
21,6,1,3.012623
22,6,1,0.27208462
23,6,1,0.02232399
24,6,1,2.2135348
25,6,1,3.7595031
26,6,1,0.1174478
27,6,1,1.1967125
28,6,1,0.52687806
29,6,1,3.0308533
30,6,1,0.64623
31,6,1,3.3796566
0,6,2,0.18080218
1,6,2,0.39295414
2,6,2,0.89720356
3,6,2,0.038870316
4,6,2,2.0500472
5,6,2,0.19149396
6,6,2,0.07474663
7,6,2,1.8550613
8,6,2,0.0885238
9,6,2,5.186753
10,6,2,0.47900534
11,6,2,1.6869421
12,6,2,0.11575217
13,6,2,0.29576215
14,6,2,0.049682353
15,6,2,0.7697691
16,6,2,3.0057824
17,6,2,2.559929
18,6,2,1.5602483
19,6,2,0.018296385
20,6,2,0.09862
21,6,2,3.608923
22,6,2,0.33652684
23,6,2,0.022978662
24,6,2,2.3316221
25,6,2,4.0234327
26,6,2,0.13895611
27,6,2,1.3413302
28,6,2,0.5934489
29,6,2,3.1381679
30,6,2,0.8139479
31,6,2,3.7917187
0,6,5,0.24664918
1,6,5,0.55546397
2,6,5,1.1138574
3,6,5,0.043176383
4,6,5,2.509089
5,6,5,0.41949052
6,6,5,0.08897507
7,6,5,2.515507
8,6,5,0.10967224
9,6,5,5.5300736
10,6,5,0.68372214
11,6,5,2.1135986
12,6,5,0.15435569
13,6,5,0.51759285
14,6,5,0.061930675
15,6,5,1.3193642
16,6,5,3.9699843
17,6,5,2.908985
18,6,5,2.7261586
19,6,5,0.020997243
20,6,5,0.12445739
21,6,5,4.9312205
22,6,5,0.70330715
23,6,5,0.024672652
24,6,5,2.6699567
25,6,5,4.6101847
26,6,5,0.23121315
27,6,5,1.774102
28,6,5,0.7602757
29,6,5,3.334829
30,6,5,1.3104368
31,6,5,4.768841
0,6,10,0.39011607
1,6,10,0.8046928
2,6,10,1.2906538
3,6,10,0.04932758
4,6,10,3.0028183
5,6,10,0.8700802
6,6,10,0.11619986
7,6,10,3.4548678
8,6,10,0.12783478
9,6,10,5.8331776
10,6,10,0.9068932
11,6,10,2.582105
12,6,10,0.26142594
13,6,10,0.9100422
14,6,10,0.08605863
15,6,10,2.1179962
16,6,10,4.9653707
17,6,10,3.2705872
18,6,10,3.8106043
19,6,10,0.02443655
20,6,10,0.16080694
21,6,10,5.954172
22,6,10,1.7556143
23,6,10,0.028421313
24,6,10,2.9669514
25,6,10,5.297777
26,6,10,0.42652407
27,6,10,2.2360358
28,6,10,0.9670728
29,6,10,3.514224
30,6,10,2.0587382
31,6,10,5.6916285
0,6,50,0.5828008
1,6,50,0.9683437
2,6,50,1.3185235
3,6,50,0.07448347
4,6,50,3.1363485
5,6,50,1.204333
6,6,50,0.13311249
7,6,50,4.4723516
8,6,50,0.12596162
9,6,50,5.8739786
10,6,50,1.0879018
11,6,50,2.7109046
12,6,50,0.7752037
13,6,50,1.1810468
14,6,50,0.10928363
15,6,50,2.7113097
16,6,50,5.185738
17,6,50,3.377757
18,6,50,4.005544
19,6,50,0.02401167
20,6,50,0.18631944
21,6,50,6.302602
22,6,50,2.3901968
23,6,50,0.02733598
24,6,50,3.0180101
25,6,50,5.4644203
26,6,50,0.72322345
27,6,50,2.3676825
28,6,50,1.021304
29,6,50,3.5862417
30,6,50,2.284594
31,6,50,5.9138265
0,6,100,0.6087461
1,6,100,0.97063
2,6,100,1.3144478
3,6,100,0.08539004
4,6,100,3.1407053
5,6,100,1.2121775
6,6,100,0.13250834
7,6,100,4.47334
8,6,100,0.1269292
9,6,100,5.860346
10,6,100,1.0840486
11,6,100,2.711536
12,6,100,0.7745855
13,6,100,1.1879047
14,6,100,0.1086431
15,6,100,2.766882
16,6,100,5.1502533
17,6,100,3.3812718
18,6,100,3.9987988
19,6,100,0.024591371
20,6,100,0.18553168
21,6,100,6.3100953
22,6,100,2.3851829
23,6,100,0.027224215
24,6,100,3.0181558
25,6,100,5.4610214
26,6,100,0.73986685
27,6,100,2.3626735
28,6,100,1.0137868
29,6,100,3.5818708
30,6,100,2.267002
31,6,100,5.8967667
0,6,200,0.6170978
1,6,200,0.9679789
2,6,200,1.3321565
3,6,200,0.08733334
4,6,200,3.140943
5,6,200,1.2124836
6,6,200,0.13399781
7,6,200,4.500432
8,6,200,0.12827791
9,6,200,5.8653893
10,6,200,1.0946227
11,6,200,2.7065084
12,6,200,0.79786927
13,6,200,1.1897438
14,6,200,0.10972427
15,6,200,2.7824752
16,6,200,5.1708508
17,6,200,3.3747826
18,6,200,4.0051823
19,6,200,0.0240794
20,6,200,0.18718979
21,6,200,6.3121653
22,6,200,2.4018962
23,6,200,0.02805319
24,6,200,3.0133286
25,6,200,5.4567327
26,6,200,0.7442831
27,6,200,2.3600943
28,6,200,1.0172379
29,6,200,3.5874357
30,6,200,2.2794504
31,6,200,5.9048185
0,6,500,0.6105463
1,6,500,0.96484506
2,6,500,1.3177706
3,6,500,0.08676597
4,6,500,3.1380744
5,6,500,1.2094288
6,6,500,0.13254832
7,6,500,4.480594
8,6,500,0.12678318
9,6,500,5.866845
10,6,500,1.082395
11,6,500,2.7164683
12,6,500,0.79963654
13,6,500,1.1876011
14,6,500,0.10836407
15,6,500,2.7827044
16,6,500,5.184742
17,6,500,3.3760014
18,6,500,3.9996257
19,6,500,0.024416685
20,6,500,0.18615322
21,6,500,6.3145833
22,6,500,2.3858242
23,6,500,0.027001338
24,6,500,3.0092733
25,6,500,5.4520025
26,6,500,0.7417442
27,6,500,2.3693318
28,6,500,1.0199913
29,6,500,3.5930214
30,6,500,2.2822638
31,6,500,5.8887167
0,7,1,0.16380297
1,7,1,0.34412053
2,7,1,0.8141789
3,7,1,0.036766242
4,7,1,1.9004142
5,7,1,0.14522876
6,7,1,0.06894832
7,7,1,1.6440057
8,7,1,0.08036291
9,7,1,5.061796
10,7,1,0.41908845
11,7,1,1.5268197
12,7,1,0.10505255
13,7,1,0.2375124
14,7,1,0.045741875
15,7,1,0.60298705
16,7,1,2.6845927
17,7,1,2.4345465
18,7,1,1.1408142
19,7,1,0.016630756
20,7,1,0.08857778
21,7,1,3.0089278
22,7,1,0.2737571
23,7,1,0.022263234
24,7,1,2.198475
25,7,1,3.7659483
26,7,1,0.11488524
27,7,1,1.1822459
28,7,1,0.5416551
29,7,1,3.0443397
30,7,1,0.67283946
31,7,1,3.3359594
0,7,2,0.18034272
1,7,2,0.38341406
2,7,2,0.88904274
3,7,2,0.038613345
4,7,2,2.0626373
5,7,2,0.19891341
6,7,2,0.07349542
7,7,2,1.8753005
8,7,2,0.08752394
9,7,2,5.206995
10,7,2,0.47838017
11,7,2,1.6936121
12,7,2,0.112630166
13,7,2,0.2971262
14,7,2,0.0493663
15,7,2,0.7635977
16,7,2,3.0022101
17,7,2,2.5659096
18,7,2,1.5848731
19,7,2,0.01796874
20,7,2,0.098815486
21,7,2,3.641963
22,7,2,0.3465829
23,7,2,0.023147557
24,7,2,2.3423433
25,7,2,3.989421
26,7,2,0.13690184
27,7,2,1.3410313
28,7,2,0.59247744
29,7,2,3.1349015
30,7,2,0.80865663
31,7,2,3.7903593
0,7,5,0.2470407
1,7,5,0.5574173
2,7,5,1.115462
3,7,5,0.043532863
4,7,5,2.4982347
5,7,5,0.41412756
6,7,5,0.092066705
7,7,5,2.497108
8,7,5,0.10809823
9,7,5,5.52857
10,7,5,0.680688
11,7,5,2.1231277
12,7,5,0.14209472
13,7,5,0.52294713
14,7,5,0.06234933
15,7,5,1.3163034
16,7,5,3.9568224
17,7,5,2.9158769
18,7,5,2.7134259
19,7,5,0.021079443
20,7,5,0.12726092
21,7,5,4.92523
22,7,5,0.6887414
23,7,5,0.025363429
24,7,5,2.659409
25,7,5,4.634516
26,7,5,0.22703627
27,7,5,1.7612458
28,7,5,0.7676299
29,7,5,3.342232
30,7,5,1.3313081
31,7,5,4.7388563
0,7,10,0.3955719
1,7,10,0.8156863
2,7,10,1.3109087
3,7,10,0.052340835
4,7,10,3.0081139
5,7,10,0.859301
6,7,10,0.11625931
7,7,10,3.362048
8,7,10,0.123974666
9,7,10,5.821042
10,7,10,0.93190724
11,7,10,2.5819516
12,7,10,0.24923712
13,7,10,0.90738386
14,7,10,0.08663018
15,7,10,2.141606
16,7,10,4.938344
17,7,10,3.2724466
18,7,10,3.8066666
19,7,10,0.02455122
20,7,10,0.16074826
21,7,10,5.9940147
22,7,10,1.7538006
23,7,10,0.028551802
24,7,10,2.9658628
25,7,10,5.2739267
26,7,10,0.43314746
27,7,10,2.2341099
28,7,10,0.9652099
29,7,10,3.5149145
30,7,10,2.0511718
31,7,10,5.716287
0,7,50,0.59238017
1,7,50,0.96660864
2,7,50,1.3076248
3,7,50,0.076275356
4,7,50,3.13623
5,7,50,1.209609
6,7,50,0.13590781
7,7,50,4.4770594
8,7,50,0.12910938
9,7,50,5.8663774
10,7,50,1.080182
11,7,50,2.7221444
12,7,50,0.78853405
13,7,50,1.1740098
14,7,50,0.10868262
15,7,50,2.7529273
16,7,50,5.1874332
17,7,50,3.3659256
18,7,50,4.0055037
19,7,50,0.0241271
20,7,50,0.18701482
21,7,50,6.2850504
22,7,50,2.3849545
23,7,50,0.027121732
24,7,50,3.0299733
25,7,50,5.462598
26,7,50,0.7337276
27,7,50,2.3713298
28,7,50,1.017919
29,7,50,3.5836139
30,7,50,2.2870502
31,7,50,5.8683786
0,7,100,0.6151981
1,7,100,0.96422344
2,7,100,1.339614
3,7,100,0.08600666
4,7,100,3.1385489
5,7,100,1.2154438
6,7,100,0.13042043
7,7,100,4.483393
8,7,100,0.12408753
9,7,100,5.8661237
10,7,100,1.0971737
11,7,100,2.7127748
12,7,100,0.79124534
13,7,100,1.192688
14,7,100,0.10876651
15,7,100,2.755318
16,7,100,5.191681
17,7,100,3.3730812
18,7,100,4.0038986
19,7,100,0.023680657
20,7,100,0.18606894
21,7,100,6.3058105
22,7,100,2.4016418
23,7,100,0.026888518
24,7,100,3.013894
25,7,100,5.463673
26,7,100,0.7410343
27,7,100,2.3583615
28,7,100,1.0166597
29,7,100,3.5879202
30,7,100,2.2885299
31,7,100,5.8972692
0,7,200,0.6166809
1,7,200,0.9703873
2,7,200,1.3115879
3,7,200,0.08618553
4,7,200,3.137589
5,7,200,1.2265933
6,7,200,0.13189724
7,7,200,4.4977026
8,7,200,0.124708034
9,7,200,5.857382
10,7,200,1.0956002
11,7,200,2.7091787
12,7,200,0.81559974
13,7,200,1.1885852
14,7,200,0.10879264
15,7,200,2.783162
16,7,200,5.1760793
17,7,200,3.3744528
18,7,200,3.9955437
19,7,200,0.024370728
20,7,200,0.1869983
21,7,200,6.297929
22,7,200,2.415017
23,7,200,0.026888635
24,7,200,3.0066476
25,7,200,5.4620833
26,7,200,0.7532338
27,7,200,2.3617768
28,7,200,1.0116955
29,7,200,3.5982528
30,7,200,2.269906
31,7,200,5.877309
0,7,500,0.61402124
1,7,500,0.96294147
2,7,500,1.3162283
3,7,500,0.08654431
4,7,500,3.1377804
5,7,500,1.208918
6,7,500,0.13132356
7,7,500,4.4987683
8,7,500,0.1310594
9,7,500,5.8550816
10,7,500,1.1046835
11,7,500,2.7059183
12,7,500,0.7997418
13,7,500,1.1964364
14,7,500,0.10896753
15,7,500,2.7944546
16,7,500,5.1833262
17,7,500,3.375421
18,7,500,4.0145855
19,7,500,0.023886226
20,7,500,0.18631242
21,7,500,6.3266087
22,7,500,2.3806353
23,7,500,0.027006108
24,7,500,3.0153685
25,7,500,5.4511895
26,7,500,0.746207
27,7,500,2.3539286
28,7,500,1.0217265
29,7,500,3.5916307
30,7,500,2.2939765
31,7,500,5.8881598
0,8,1,0.16103032
1,8,1,0.3406459
2,8,1,0.81537294
3,8,1,0.03707097
4,8,1,1.9017162
5,8,1,0.14546217
6,8,1,0.068911575
7,8,1,1.6235958
8,8,1,0.079865724
9,8,1,5.056144
10,8,1,0.4113316
11,8,1,1.5304508
12,8,1,0.10280892
13,8,1,0.24055149
14,8,1,0.045320902
15,8,1,0.6202239
16,8,1,2.6818266
17,8,1,2.428737
18,8,1,1.1509296
19,8,1,0.016864236
20,8,1,0.08979608
21,8,1,3.021317
22,8,1,0.26813656
23,8,1,0.022468105
24,8,1,2.20479
25,8,1,3.7557077
26,8,1,0.11543741
27,8,1,1.1825267
28,8,1,0.5323754
29,8,1,3.0277503
30,8,1,0.66608316
31,8,1,3.3476992
0,8,2,0.1841521
1,8,2,0.39373252
2,8,2,0.88966364
3,8,2,0.038282197
4,8,2,2.064382
5,8,2,0.19030814
6,8,2,0.07374275
7,8,2,1.8617467
8,8,2,0.08760449
9,8,2,5.2019253
10,8,2,0.47847277
11,8,2,1.6927094
12,8,2,0.11257424
13,8,2,0.291275
14,8,2,0.04896298
15,8,2,0.7793469
16,8,2,3.0387025
17,8,2,2.5667195
18,8,2,1.5698947
19,8,2,0.017585054
20,8,2,0.099672236
21,8,2,3.5843608
22,8,2,0.34484586
23,8,2,0.023273023
24,8,2,2.3515053
25,8,2,3.991218
26,8,2,0.13771227
27,8,2,1.3375261
28,8,2,0.5913231
29,8,2,3.1171336
30,8,2,0.8059362
31,8,2,3.807069
0,8,5,0.2516436
1,8,5,0.5482704
2,8,5,1.1219649
3,8,5,0.043266837
4,8,5,2.500001
5,8,5,0.41338634
6,8,5,0.0891721
7,8,5,2.4779015
8,8,5,0.10749131
9,8,5,5.518056
10,8,5,0.6680098
11,8,5,2.120699
12,8,5,0.14991885
13,8,5,0.513681
14,8,5,0.06257643
15,8,5,1.3167796
16,8,5,3.9616206
17,8,5,2.9077415
18,8,5,2.7061915
19,8,5,0.021276852
20,8,5,0.123902924
21,8,5,4.9297905
22,8,5,0.7113462
23,8,5,0.02571333
24,8,5,2.6675916
25,8,5,4.667139
26,8,5,0.22586536
27,8,5,1.7607943
28,8,5,0.759768
29,8,5,3.3441043
30,8,5,1.2822864
31,8,5,4.791627
0,8,10,0.39286184
1,8,10,0.80815995
2,8,10,1.2970126
3,8,10,0.05066434
4,8,10,3.000742
5,8,10,0.87104183
6,8,10,0.11479366
7,8,10,3.4002688
8,8,10,0.12806444
9,8,10,5.8233976
10,8,10,0.9188901
11,8,10,2.5766153
12,8,10,0.25905973
13,8,10,0.8960451
14,8,10,0.08610377
15,8,10,2.1262798
16,8,10,4.9609113
17,8,10,3.2659295
18,8,10,3.808536
19,8,10,0.023936404
20,8,10,0.16205686
21,8,10,6.0121293
22,8,10,1.757677
23,8,10,0.028427368
24,8,10,2.9669795
25,8,10,5.304378
26,8,10,0.4200217
27,8,10,2.2352622
28,8,10,0.9710469
29,8,10,3.519278
30,8,10,2.0432844
31,8,10,5.6820736
0,8,50,0.58065856
1,8,50,0.96670157
2,8,50,1.3189365
3,8,50,0.077360116
4,8,50,3.1295538
5,8,50,1.2092623
6,8,50,0.13579488
7,8,50,4.470853
8,8,50,0.12792662
9,8,50,5.8687925
10,8,50,1.0796742
11,8,50,2.7203493
12,8,50,0.7799604
13,8,50,1.1664267
14,8,50,0.10929038
15,8,50,2.7279422
16,8,50,5.1652913
17,8,50,3.3679543
18,8,50,4.008444
19,8,50,0.024513455
20,8,50,0.18648073
21,8,50,6.2926397
22,8,50,2.3883908
23,8,50,0.027117198
24,8,50,3.0194964
25,8,50,5.45324
26,8,50,0.72859865
27,8,50,2.3650732
28,8,50,1.0139049
29,8,50,3.5973823
30,8,50,2.2958999
31,8,50,5.9081697
0,8,100,0.6022814
1,8,100,0.9674977
2,8,100,1.3003407
3,8,100,0.0850849
4,8,100,3.132668
5,8,100,1.2075659
6,8,100,0.13067926
7,8,100,4.447841
8,8,100,0.12945881
9,8,100,5.867097
10,8,100,1.0842437
11,8,100,2.7173023
12,8,100,0.7981822
13,8,100,1.1833404
14,8,100,0.10911869
15,8,100,2.7824092
16,8,100,5.180023
17,8,100,3.3742902
18,8,100,4.0095196
19,8,100,0.023450252
20,8,100,0.18603905
21,8,100,6.3118715
22,8,100,2.3790581
23,8,100,0.027059471
24,8,100,3.0115738
25,8,100,5.4615803
26,8,100,0.7442644
27,8,100,2.367527
28,8,100,1.0166414
29,8,100,3.5885587
30,8,100,2.2817135
31,8,100,5.892624
0,8,200,0.61476934
1,8,200,0.9658885
2,8,200,1.3154953
3,8,200,0.085976295
4,8,200,3.1389582
5,8,200,1.226892
6,8,200,0.13010585
7,8,200,4.4952273
8,8,200,0.12694739
9,8,200,5.8653226
10,8,200,1.0889907
11,8,200,2.7098095
12,8,200,0.8027238
13,8,200,1.1897806
14,8,200,0.10879331
15,8,200,2.7592473
16,8,200,5.172661
17,8,200,3.370804
18,8,200,3.9964497
19,8,200,0.024188435
20,8,200,0.18426085
21,8,200,6.319393
22,8,200,2.3993988
23,8,200,0.02694661
24,8,200,3.006815
25,8,200,5.4646063
26,8,200,0.74013764
27,8,200,2.356799
28,8,200,1.018983
29,8,200,3.6007562
30,8,200,2.2844465
31,8,200,5.88513
0,8,500,0.6168169
1,8,500,0.96833956
2,8,500,1.3216537
3,8,500,0.086643055
4,8,500,3.1435926
5,8,500,1.2287785
6,8,500,0.1318725
7,8,500,4.482372
8,8,500,0.12486738
9,8,500,5.8678045
10,8,500,1.1038696
11,8,500,2.717403
12,8,500,0.80042523
13,8,500,1.1890942
14,8,500,0.10944665
15,8,500,2.7823153
16,8,500,5.1927967
17,8,500,3.372522
18,8,500,4.005562
19,8,500,0.023923703
20,8,500,0.18507151
21,8,500,6.3210135
22,8,500,2.3862927
23,8,500,0.026717061
24,8,500,3.0202847
25,8,500,5.463073
26,8,500,0.7425339
27,8,500,2.3663793
28,8,500,1.0128604
29,8,500,3.5780838
30,8,500,2.277789
31,8,500,5.880392
0,9,1,0.16374783
1,9,1,0.33574566
2,9,1,0.79807264
3,9,1,0.035664886
4,9,1,1.9010558
5,9,1,0.14475632
6,9,1,0.06737384
7,9,1,1.6422713
8,9,1,0.07896074
9,9,1,5.0693827
10,9,1,0.42040056
11,9,1,1.5339451
12,9,1,0.10383616
13,9,1,0.2326032
14,9,1,0.04591401
15,9,1,0.60757035
16,9,1,2.66611
17,9,1,2.4336286
18,9,1,1.1380196
19,9,1,0.016579242
20,9,1,0.090530775
21,9,1,3.0092678
22,9,1,0.2682642
23,9,1,0.022383802
24,9,1,2.2053986
25,9,1,3.749693
26,9,1,0.12030038
27,9,1,1.1776234
28,9,1,0.53082824
29,9,1,3.0319433
30,9,1,0.67250323
31,9,1,3.3466058
0,9,2,0.18191095
1,9,2,0.3825596
2,9,2,0.8924461
3,9,2,0.03815627
4,9,2,2.0643191
5,9,2,0.19200574
6,9,2,0.07500595
7,9,2,1.8541565
8,9,2,0.088205725
9,9,2,5.189899
10,9,2,0.47866604
11,9,2,1.6966136
12,9,2,0.11125285
13,9,2,0.29103988
14,9,2,0.049689386
15,9,2,0.77201635
16,9,2,3.0102434
17,9,2,2.567273
18,9,2,1.591561
19,9,2,0.017843595
20,9,2,0.09971798
21,9,2,3.5867753
22,9,2,0.34186202
23,9,2,0.022866456
24,9,2,2.3388214
25,9,2,3.9914863
26,9,2,0.13770677
27,9,2,1.3456182
28,9,2,0.59550524
29,9,2,3.1421125
30,9,2,0.8153105
31,9,2,3.7722452
0,9,5,0.24835001
1,9,5,0.5478962
2,9,5,1.100288
3,9,5,0.04280215
4,9,5,2.507498
5,9,5,0.4139362
6,9,5,0.08705853
7,9,5,2.474745
8,9,5,0.10625869
9,9,5,5.535262
10,9,5,0.66208357
11,9,5,2.1147947
12,9,5,0.146303
13,9,5,0.5101013
14,9,5,0.06238432
15,9,5,1.3007966
16,9,5,3.9430068
17,9,5,2.9191344
18,9,5,2.7229261
19,9,5,0.020588102
20,9,5,0.1268768
21,9,5,4.9709206
22,9,5,0.7352078
23,9,5,0.02451181
24,9,5,2.6527007
25,9,5,4.630249
26,9,5,0.22473261
27,9,5,1.7510685
28,9,5,0.7644974
29,9,5,3.341067
30,9,5,1.335827
31,9,5,4.8010054
0,9,10,0.40053943
1,9,10,0.80814606
2,9,10,1.2856727
3,9,10,0.049974114
4,9,10,3.0109038
5,9,10,0.86562896
6,9,10,0.11876237
7,9,10,3.4854064
8,9,10,0.12676477
9,9,10,5.8251696
10,9,10,0.94632447
11,9,10,2.5696833
12,9,10,0.27163526
13,9,10,0.8925139
14,9,10,0.08592354
15,9,10,2.056343
16,9,10,4.9317613
17,9,10,3.274936
18,9,10,3.8222718
19,9,10,0.023210336
20,9,10,0.16298373
21,9,10,5.975532
22,9,10,1.7589657
23,9,10,0.028390082
24,9,10,2.9576874
25,9,10,5.2895765
26,9,10,0.4255831
27,9,10,2.2425003
28,9,10,0.9695242
29,9,10,3.5215034
30,9,10,2.0456707
31,9,10,5.7121277
0,9,50,0.5781718
1,9,50,0.9678912
2,9,50,1.3105648
3,9,50,0.07479931
4,9,50,3.1402717
5,9,50,1.2051165
6,9,50,0.13227652
7,9,50,4.469952
8,9,50,0.12806095
9,9,50,5.865264
10,9,50,1.0785152
11,9,50,2.7235255
12,9,50,0.76747364
13,9,50,1.1771033
14,9,50,0.10895529
15,9,50,2.7054667
16,9,50,5.1765013
17,9,50,3.377411
18,9,50,4.0163345
19,9,50,0.02383036
20,9,50,0.18828276
21,9,50,6.2825837
22,9,50,2.3849602
23,9,50,0.027546704
24,9,50,3.026886
25,9,50,5.4639606
26,9,50,0.7299002
27,9,50,2.3596687
28,9,50,1.0126067
29,9,50,3.5826187
30,9,50,2.2970014
31,9,50,5.899581
0,9,100,0.6124551
1,9,100,0.9639009
2,9,100,1.3434339
3,9,100,0.08541594
4,9,100,3.1404922
5,9,100,1.2135029
6,9,100,0.13099961
7,9,100,4.4751873
8,9,100,0.12725414
9,9,100,5.8509154
10,9,100,1.0829519
11,9,100,2.7083287
12,9,100,0.7872389
13,9,100,1.175396
14,9,100,0.10969298
15,9,100,2.7666407
16,9,100,5.188919
17,9,100,3.3712673
18,9,100,4.0029926
19,9,100,0.024082066
20,9,100,0.18597287
21,9,100,6.309225
22,9,100,2.4103057
23,9,100,0.027031615
24,9,100,3.004909
25,9,100,5.4694757
26,9,100,0.74392545
27,9,100,2.3627434
28,9,100,1.0150095
29,9,100,3.5890696
30,9,100,2.2785234
31,9,100,5.8841105
0,9,200,0.6134764
1,9,200,0.9636082
2,9,200,1.3588616
3,9,200,0.08732316
4,9,200,3.1390777
5,9,200,1.2034312
6,9,200,0.1269695
7,9,200,4.4879627
8,9,200,0.12657999
9,9,200,5.861587
10,9,200,1.0873069
11,9,200,2.7050242
12,9,200,0.80814534
13,9,200,1.190945
14,9,200,0.108612
15,9,200,2.7652485
16,9,200,5.172779
17,9,200,3.3724923
18,9,200,3.997817
19,9,200,0.023954084
20,9,200,0.18474847
21,9,200,6.307621
22,9,200,2.401902
23,9,200,0.026867962
24,9,200,3.005284
25,9,200,5.463106
26,9,200,0.7451466
27,9,200,2.3606973
28,9,200,1.0188767
29,9,200,3.5993907
30,9,200,2.264688
31,9,200,5.8951783
0,9,500,0.62501895
1,9,500,0.9711345
2,9,500,1.3315343
3,9,500,0.087559305
4,9,500,3.1431706
5,9,500,1.216012
6,9,500,0.12797967
7,9,500,4.4957843
8,9,500,0.12671703
9,9,500,5.875556
10,9,500,1.0973877
11,9,500,2.7148752
12,9,500,0.8184671
13,9,500,1.1843169
14,9,500,0.10915371
15,9,500,2.774986
16,9,500,5.1796007
17,9,500,3.3764915
18,9,500,4.0094585
19,9,500,0.023851097
20,9,500,0.18436247
21,9,500,6.343588
22,9,500,2.3819463
23,9,500,0.027075324
24,9,500,3.0104742
25,9,500,5.468442
26,9,500,0.7510922
27,9,500,2.367598
28,9,500,1.013183
29,9,500,3.5806813
30,9,500,2.2680926
31,9,500,5.870564
0,10,1,0.1620575
1,10,1,0.3449757
2,10,1,0.79775417
3,10,1,0.036948547
4,10,1,1.9052178
5,10,1,0.14953625
6,10,1,0.06947585
7,10,1,1.6485815
8,10,1,0.07828538
9,10,1,5.059233
10,10,1,0.40525514
11,10,1,1.5249572
12,10,1,0.104532324
13,10,1,0.23661378
14,10,1,0.045462202
15,10,1,0.6124007
16,10,1,2.677711
17,10,1,2.4382415
18,10,1,1.1570332
19,10,1,0.01639675
20,10,1,0.09076462
21,10,1,3.030179
22,10,1,0.2718912
23,10,1,0.022035955
24,10,1,2.2047966
25,10,1,3.7647276
26,10,1,0.11581311
27,10,1,1.1828129
28,10,1,0.5345627
29,10,1,3.037419
30,10,1,0.6634734
31,10,1,3.391981
0,10,2,0.18332356
1,10,2,0.38997436
2,10,2,0.90032977
3,10,2,0.038850036
4,10,2,2.0637136
5,10,2,0.19279364
6,10,2,0.07342402
7,10,2,1.858223
8,10,2,0.09002572
9,10,2,5.203165
10,10,2,0.47554648
11,10,2,1.6971239
12,10,2,0.112038195
13,10,2,0.2972374
14,10,2,0.049650308
15,10,2,0.76685643
16,10,2,3.0029488
17,10,2,2.561612
18,10,2,1.5792342
19,10,2,0.017635107
20,10,2,0.10067491
21,10,2,3.611368
22,10,2,0.33608103
23,10,2,0.023227591
24,10,2,2.3396544
25,10,2,3.977339
26,10,2,0.14222386
27,10,2,1.3413938
28,10,2,0.5971212
29,10,2,3.1329863
30,10,2,0.8269757
31,10,2,3.7511828
0,10,5,0.25351554
1,10,5,0.5582287
2,10,5,1.1101979
3,10,5,0.04241466
4,10,5,2.5006022
5,10,5,0.42737475
6,10,5,0.08963387
7,10,5,2.4998548
8,10,5,0.10702551
9,10,5,5.530756
10,10,5,0.6871056
11,10,5,2.1191607
12,10,5,0.1559823
13,10,5,0.51259124
14,10,5,0.06253495
15,10,5,1.3049041
16,10,5,3.9542696
17,10,5,2.914432
18,10,5,2.7232347
19,10,5,0.02079112
20,10,5,0.12314225
21,10,5,4.9417696
22,10,5,0.7209332
23,10,5,0.024639396
24,10,5,2.670707
25,10,5,4.6557612
26,10,5,0.22474305
27,10,5,1.753555
28,10,5,0.7633867
29,10,5,3.3385096
30,10,5,1.3161693
31,10,5,4.7918143
0,10,10,0.39471826
1,10,10,0.80655676
2,10,10,1.282761
3,10,10,0.04917215
4,10,10,3.0069394
5,10,10,0.8828335
6,10,10,0.1187959
7,10,10,3.328754
8,10,10,0.12588115
9,10,10,5.822547
10,10,10,0.9208802
11,10,10,2.576839
12,10,10,0.25497788
13,10,10,0.9052578
14,10,10,0.087162815
15,10,10,2.1027956
16,10,10,4.9421053
17,10,10,3.265815
18,10,10,3.8140068
19,10,10,0.024689611
20,10,10,0.1621845
21,10,10,5.9774437
22,10,10,1.7646567
23,10,10,0.027993293
24,10,10,2.9688065
25,10,10,5.291618
26,10,10,0.4284633
27,10,10,2.2413692
28,10,10,0.96722686
29,10,10,3.5191603
30,10,10,2.0263214
31,10,10,5.699959
0,10,50,0.5796868
1,10,50,0.9666632
2,10,50,1.3100387
3,10,50,0.07698326
4,10,50,3.1360748
5,10,50,1.2181025
6,10,50,0.12943062
7,10,50,4.467847
8,10,50,0.12709676
9,10,50,5.861458
10,10,50,1.0773443
11,10,50,2.7274446
12,10,50,0.7783594
13,10,50,1.1745801
14,10,50,0.108601674
15,10,50,2.7408626
16,10,50,5.1786623
17,10,50,3.3667412
18,10,50,4.018998
19,10,50,0.023829654
20,10,50,0.1864112
21,10,50,6.281106
22,10,50,2.405095
23,10,50,0.027145592
24,10,50,3.025968
25,10,50,5.463647
26,10,50,0.72758836
27,10,50,2.357086
28,10,50,1.0158206
29,10,50,3.5899704
30,10,50,2.3039317
31,10,50,5.8775096
0,10,100,0.60798895
1,10,100,0.96179664
2,10,100,1.3262649
3,10,100,0.0841655
4,10,100,3.1381183
5,10,100,1.2115114
6,10,100,0.1309943
7,10,100,4.4894123
8,10,100,0.12736848
9,10,100,5.862322
10,10,100,1.0837712
11,10,100,2.7122688
12,10,100,0.793957
13,10,100,1.1890339
14,10,100,0.10930866
15,10,100,2.7553022
16,10,100,5.1701927
17,10,100,3.3703613
18,10,100,3.9999754
19,10,100,0.023434877
20,10,100,0.18568157
21,10,100,6.327096
22,10,100,2.3848605
23,10,100,0.02700458
24,10,100,2.9989614
25,10,100,5.469371
26,10,100,0.7375355
27,10,100,2.3643446
28,10,100,1.0170921
29,10,100,3.5887365
30,10,100,2.2542443
31,10,100,5.9100456
0,10,200,0.6170377
1,10,200,0.963787
2,10,200,1.3400658
3,10,200,0.086569056
4,10,200,3.1430454
5,10,200,1.2200963
6,10,200,0.13005586
7,10,200,4.5032697
8,10,200,0.12991966
9,10,200,5.8573923
10,10,200,1.0846647
11,10,200,2.7199752
12,10,200,0.79565644
13,10,200,1.1898884
14,10,200,0.11079116
15,10,200,2.7642672
16,10,200,5.186261
17,10,200,3.3771393
18,10,200,4.001689
19,10,200,0.02397886
20,10,200,0.18385878
21,10,200,6.3229103
22,10,200,2.4078217
23,10,200,0.026907615
24,10,200,3.0005326
25,10,200,5.46321
26,10,200,0.7371302
27,10,200,2.3528774
28,10,200,1.0198362
29,10,200,3.5817795
30,10,200,2.260714
31,10,200,5.8775654
0,10,500,0.6191315
1,10,500,0.96664083
2,10,500,1.3304405
3,10,500,0.088036016
4,10,500,3.143215
5,10,500,1.2220235
6,10,500,0.13043949
7,10,500,4.4837747
8,10,500,0.12595612
9,10,500,5.8616037
10,10,500,1.0961676
11,10,500,2.7149985
12,10,500,0.830507
13,10,500,1.1868538
14,10,500,0.10968906
15,10,500,2.78688
16,10,500,5.1573095
17,10,500,3.368353
18,10,500,4.002263
19,10,500,0.023906376
20,10,500,0.18532665
21,10,500,6.3221893
22,10,500,2.4100945
23,10,500,0.02700923
24,10,500,3.0117679
25,10,500,5.460269
26,10,500,0.75034684
27,10,500,2.3604405
28,10,500,1.012075
29,10,500,3.5918953
30,10,500,2.2824244
31,10,500,5.8889203
0,11,1,0.16403502
1,11,1,0.34382764
2,11,1,0.8021771
3,11,1,0.037326943
4,11,1,1.8916008
5,11,1,0.14564613
6,11,1,0.06870575
7,11,1,1.653279
8,11,1,0.07962762
9,11,1,5.0579567
10,11,1,0.41246772
11,11,1,1.5366553
12,11,1,0.1049598
13,11,1,0.23663674
14,11,1,0.045232344
15,11,1,0.6030532
16,11,1,2.672016
17,11,1,2.431766
18,11,1,1.1661903
19,11,1,0.016241334
20,11,1,0.0894098
21,11,1,3.0280788
22,11,1,0.2728128
23,11,1,0.02239091
24,11,1,2.2101464
25,11,1,3.7563326
26,11,1,0.11759971
27,11,1,1.1851686
28,11,1,0.5302325
29,11,1,3.041535
30,11,1,0.66768974
31,11,1,3.3568542
0,11,2,0.18142694
1,11,2,0.3815307
2,11,2,0.897826
3,11,2,0.038887765
4,11,2,2.0579622
5,11,2,0.19877309
6,11,2,0.07225296
7,11,2,1.8586259
8,11,2,0.08670922
9,11,2,5.2042794
10,11,2,0.47205135
11,11,2,1.6871521
12,11,2,0.10976645
13,11,2,0.29465133
14,11,2,0.049586117
15,11,2,0.7791422
16,11,2,2.9989507
17,11,2,2.5696826
18,11,2,1.569641
19,11,2,0.017620683
20,11,2,0.10038183
21,11,2,3.6145816
22,11,2,0.33865044
23,11,2,0.023004172
24,11,2,2.347555
25,11,2,3.9883587
26,11,2,0.13899548
27,11,2,1.3554461
28,11,2,0.59534717
29,11,2,3.124291
30,11,2,0.81052446
31,11,2,3.779377
0,11,5,0.25172132
1,11,5,0.5509042
2,11,5,1.1155646
3,11,5,0.04257307
4,11,5,2.5138988
5,11,5,0.4124992
6,11,5,0.08998243
7,11,5,2.509828
8,11,5,0.106402695
9,11,5,5.5191693
10,11,5,0.6594244
11,11,5,2.119328
12,11,5,0.15351671
13,11,5,0.51977843
14,11,5,0.062315777
15,11,5,1.3070986
16,11,5,3.9567084
17,11,5,2.9186049
18,11,5,2.746166
19,11,5,0.021088772
20,11,5,0.123010576
21,11,5,4.9503155
22,11,5,0.7004111
23,11,5,0.025330203
24,11,5,2.6681576
25,11,5,4.624018
26,11,5,0.22190435
27,11,5,1.7569293
28,11,5,0.7664435
29,11,5,3.336929
30,11,5,1.3111162
31,11,5,4.8312845
0,11,10,0.40335855
1,11,10,0.80390066
2,11,10,1.3002144
3,11,10,0.050539754
4,11,10,3.0044308
5,11,10,0.87636715
6,11,10,0.115944155
7,11,10,3.4802258
8,11,10,0.12447052
9,11,10,5.8243012
10,11,10,0.92907107
11,11,10,2.5799289
12,11,10,0.24406509
13,11,10,0.90536624
14,11,10,0.08597013
15,11,10,2.1055093
16,11,10,4.935961
17,11,10,3.2802758
18,11,10,3.8148077
19,11,10,0.023928484
20,11,10,0.16087744
21,11,10,5.9737453
22,11,10,1.7936096
23,11,10,0.028296506
24,11,10,2.9688106
25,11,10,5.306138
26,11,10,0.41865572
27,11,10,2.2273777
28,11,10,0.9691205
29,11,10,3.5172312
30,11,10,2.052041
31,11,10,5.729132
0,11,50,0.57983005
1,11,50,0.9690671
2,11,50,1.3083458
3,11,50,0.074742034
4,11,50,3.1287272
5,11,50,1.2019984
6,11,50,0.12927006
7,11,50,4.489008
8,11,50,0.12827182
9,11,50,5.869652
10,11,50,1.0859317
11,11,50,2.7218242
12,11,50,0.75632256
13,11,50,1.172786
14,11,50,0.11088291
15,11,50,2.7222502
16,11,50,5.174113
17,11,50,3.376514
18,11,50,4.0096235
19,11,50,0.024165273
20,11,50,0.18826973
21,11,50,6.293334
22,11,50,2.410139
23,11,50,0.02724241
24,11,50,3.0238836
25,11,50,5.4645023
26,11,50,0.7251469
27,11,50,2.3570611
28,11,50,1.0138215
29,11,50,3.5824168
30,11,50,2.2962532
31,11,50,5.911835
0,11,100,0.6093423
1,11,100,0.9662573
2,11,100,1.3102787
3,11,100,0.08634277
4,11,100,3.137513
5,11,100,1.2071716
6,11,100,0.12994508
7,11,100,4.476912
8,11,100,0.12555036
9,11,100,5.8758345
10,11,100,1.0755924
11,11,100,2.7146187
12,11,100,0.8036382
13,11,100,1.1731893
14,11,100,0.10876762
15,11,100,2.7668855
16,11,100,5.172152
17,11,100,3.3758485
18,11,100,4.008067
19,11,100,0.024014607
20,11,100,0.18485683
21,11,100,6.297295
22,11,100,2.3771253
23,11,100,0.027105361
24,11,100,3.0198007
25,11,100,5.4564743
26,11,100,0.736869
27,11,100,2.3645568
28,11,100,1.014601
29,11,100,3.5990987
30,11,100,2.278667
31,11,100,5.892023
0,11,200,0.6107907
1,11,200,0.9689319
2,11,200,1.3073411
3,11,200,0.0872219
4,11,200,3.139482
5,11,200,1.2198853
6,11,200,0.13112275
7,11,200,4.4877
8,11,200,0.12652622
9,11,200,5.8723145
10,11,200,1.0896448
11,11,200,2.7161813
12,11,200,0.7971361
13,11,200,1.1911151
14,11,200,0.10840775
15,11,200,2.78083
16,11,200,5.186944
17,11,200,3.376819
18,11,200,4.0125775
19,11,200,0.023941854
20,11,200,0.18620864
21,11,200,6.3292494
22,11,200,2.3779051
23,11,200,0.02693524
24,11,200,3.007174
25,11,200,5.451002
26,11,200,0.74761105
27,11,200,2.3674443
28,11,200,1.0163723
29,11,200,3.5784948
30,11,200,2.2883964
31,11,200,5.886438
0,11,500,0.6146406
1,11,500,0.96250325
2,11,500,1.3119111
3,11,500,0.087209485
4,11,500,3.135448
5,11,500,1.2127715
6,11,500,0.13074552
7,11,500,4.4772854
8,11,500,0.12962835
9,11,500,5.8559923
10,11,500,1.0881987
11,11,500,2.7062247
12,11,500,0.80232185
13,11,500,1.1958386
14,11,500,0.1085863
15,11,500,2.7873192
16,11,500,5.1797
17,11,500,3.3722456
18,11,500,4.011901
19,11,500,0.023770293
20,11,500,0.18601243
21,11,500,6.319783
22,11,500,2.401923
23,11,500,0.026818652
24,11,500,3.006658
25,11,500,5.465363
26,11,500,0.73875505
27,11,500,2.3706863
28,11,500,1.0157464
29,11,500,3.597382
30,11,500,2.2803764
31,11,500,5.8887978
0,12,1,0.16383684
1,12,1,0.334922
2,12,1,0.8148921
3,12,1,0.036799308
4,12,1,1.9029237
5,12,1,0.14403991
6,12,1,0.06758732
7,12,1,1.64353
8,12,1,0.078911744
9,12,1,5.063916
10,12,1,0.41320974
11,12,1,1.5220823
12,12,1,0.10253929
13,12,1,0.23872577
14,12,1,0.0445464
15,12,1,0.61301386
16,12,1,2.6658676
17,12,1,2.4349663
18,12,1,1.1204582
19,12,1,0.016512353
20,12,1,0.09093377
21,12,1,2.9918756
22,12,1,0.27339488
23,12,1,0.022441875
24,12,1,2.2070382
25,12,1,3.760686
26,12,1,0.116456546
27,12,1,1.1761463
28,12,1,0.5357241
29,12,1,3.036435
30,12,1,0.68603235
31,12,1,3.3372283
0,12,2,0.18290785
1,12,2,0.38438
2,12,2,0.89234596
3,12,2,0.039048836
4,12,2,2.062251
5,12,2,0.19752914
6,12,2,0.074944615
7,12,2,1.8542737
8,12,2,0.085527
9,12,2,5.199805
10,12,2,0.48733747
11,12,2,1.6956013
12,12,2,0.11267824
13,12,2,0.3003885
14,12,2,0.0491762
15,12,2,0.7652837
16,12,2,3.024707
17,12,2,2.5812716
18,12,2,1.6041834
19,12,2,0.017749375
20,12,2,0.0985235
21,12,2,3.555244
22,12,2,0.33900636
23,12,2,0.023345562
24,12,2,2.337811
25,12,2,3.9858286
26,12,2,0.13855104
27,12,2,1.3281049
28,12,2,0.59185094
29,12,2,3.13237
30,12,2,0.8193629
31,12,2,3.8078728
0,12,5,0.2518327
1,12,5,0.54805875
2,12,5,1.1165341
3,12,5,0.04293557
4,12,5,2.5036917
5,12,5,0.42497757
6,12,5,0.08969505
7,12,5,2.4745214
8,12,5,0.1097448
9,12,5,5.5308213
10,12,5,0.6636276
11,12,5,2.120592
12,12,5,0.15105984
13,12,5,0.5121015
14,12,5,0.06296197
15,12,5,1.317664
16,12,5,3.9408057
17,12,5,2.9146929
18,12,5,2.7187855
19,12,5,0.021180408
20,12,5,0.12541993
21,12,5,4.9420114
22,12,5,0.7159459
23,12,5,0.025611566
24,12,5,2.6614418
25,12,5,4.6304073
26,12,5,0.22695567
27,12,5,1.7653955
28,12,5,0.7661254
29,12,5,3.3384542
30,12,5,1.3002809
31,12,5,4.8007164
0,12,10,0.39318103
1,12,10,0.8221338
2,12,10,1.3018045
3,12,10,0.05020323
4,12,10,3.0137303
5,12,10,0.8665324
6,12,10,0.117580645
7,12,10,3.4311187
8,12,10,0.1262889
9,12,10,5.82385
10,12,10,0.9109387
11,12,10,2.5741465
12,12,10,0.25847793
13,12,10,0.9048165
14,12,10,0.086355865
15,12,10,2.103486
16,12,10,4.95894
17,12,10,3.2725062
18,12,10,3.8103402
19,12,10,0.024652753
20,12,10,0.16240019
21,12,10,5.964424
22,12,10,1.7830993
23,12,10,0.028369674
24,12,10,2.967729
25,12,10,5.2895384
26,12,10,0.42492634
27,12,10,2.2319324
28,12,10,0.96477664
29,12,10,3.5222402
30,12,10,2.0404022
31,12,10,5.6886787
0,12,50,0.58040607
1,12,50,0.9661556
2,12,50,1.3120188
3,12,50,0.07690727
4,12,50,3.1390896
5,12,50,1.217938
6,12,50,0.13152187
7,12,50,4.470381
8,12,50,0.12778933
9,12,50,5.8622227
10,12,50,1.0722562
11,12,50,2.7215192
12,12,50,0.76039386
13,12,50,1.1874747
14,12,50,0.11055408
15,12,50,2.7405417
16,12,50,5.155246
17,12,50,3.3745956
18,12,50,4.0168047
19,12,50,0.023314688
20,12,50,0.18783003
21,12,50,6.296528
22,12,50,2.4008012
23,12,50,0.027239524
24,12,50,3.0237207
25,12,50,5.451335
26,12,50,0.73482877
27,12,50,2.3637645
28,12,50,1.0128345
29,12,50,3.5941038
30,12,50,2.3036976
31,12,50,5.889962
0,12,100,0.61460817
1,12,100,0.9622739
2,12,100,1.3207235
3,12,100,0.085942015
4,12,100,3.1363757
5,12,100,1.2121077
6,12,100,0.12933904
7,12,100,4.4738607
8,12,100,0.1284978
9,12,100,5.86131
10,12,100,1.0857114
11,12,100,2.7148418
12,12,100,0.8104469
13,12,100,1.1817726
14,12,100,0.10895596
15,12,100,2.753953
16,12,100,5.174367
17,12,100,3.3692193
18,12,100,4.0051317
19,12,100,0.02352979
20,12,100,0.18477553
21,12,100,6.312381
22,12,100,2.38633
23,12,100,0.027198125
24,12,100,3.0048022
25,12,100,5.4558363
26,12,100,0.73955727
27,12,100,2.3593206
28,12,100,1.0139753
29,12,100,3.5941212
30,12,100,2.2774098
31,12,100,5.855066
0,12,200,0.6220983
1,12,200,0.96278346
2,12,200,1.341171
3,12,200,0.08559794
4,12,200,3.1390789
5,12,200,1.2180247
6,12,200,0.12977369
7,12,200,4.494488
8,12,200,0.124504544
9,12,200,5.8599997
10,12,200,1.1047369
11,12,200,2.703557
12,12,200,0.78627056
13,12,200,1.192987
14,12,200,0.109060794
15,12,200,2.7716217
16,12,200,5.195759
17,12,200,3.3728342
18,12,200,4.0049458
19,12,200,0.023856431
20,12,200,0.18381317
21,12,200,6.3134584
22,12,200,2.4090936
23,12,200,0.02687609
24,12,200,3.0002964
25,12,200,5.469355
26,12,200,0.7514603
27,12,200,2.3569841
28,12,200,1.0131246
29,12,200,3.5892568
30,12,200,2.2766585
31,12,200,5.9064903
0,12,500,0.6148759
1,12,500,0.96108806
2,12,500,1.3429796
3,12,500,0.08727381
4,12,500,3.1421173
5,12,500,1.2261028
6,12,500,0.13093357
7,12,500,4.467446
8,12,500,0.12800631
9,12,500,5.866673
10,12,500,1.0942315
11,12,500,2.7190073
12,12,500,0.8081984
13,12,500,1.1951871
14,12,500,0.11014833
15,12,500,2.7905657
16,12,500,5.1812115
17,12,500,3.3704958
18,12,500,4.0141416
19,12,500,0.023338694
20,12,500,0.18624237
21,12,500,6.3256435
22,12,500,2.4050138
23,12,500,0.026896177
24,12,500,3.0126033
25,12,500,5.462087
26,12,500,0.74803364
27,12,500,2.3564665
28,12,500,1.0197554
29,12,500,3.5953162
30,12,500,2.279031
31,12,500,5.905178
0,13,1,0.16296436
1,13,1,0.34030616
2,13,1,0.8122591
3,13,1,0.036876183
4,13,1,1.9105254
5,13,1,0.15045965
6,13,1,0.06816383
7,13,1,1.6411246
8,13,1,0.078708105
9,13,1,5.055398
10,13,1,0.41214892
11,13,1,1.5283849
12,13,1,0.10517025
13,13,1,0.23356898
14,13,1,0.045339298
15,13,1,0.60621506
16,13,1,2.6987886
17,13,1,2.4333155
18,13,1,1.1919193
19,13,1,0.016586987
20,13,1,0.0895438
21,13,1,3.014546
22,13,1,0.27276614
23,13,1,0.022295786
24,13,1,2.2046437
25,13,1,3.7322168
26,13,1,0.119522616
27,13,1,1.1970421
28,13,1,0.53650266
29,13,1,3.036743
30,13,1,0.67553467
31,13,1,3.3141952
0,13,2,0.1797072
1,13,2,0.38004833
2,13,2,0.89466447
3,13,2,0.037463143
4,13,2,2.066524
5,13,2,0.20065975
6,13,2,0.07351015
7,13,2,1.8585181
8,13,2,0.08809483
9,13,2,5.1841745
10,13,2,0.48238048
11,13,2,1.6901572
12,13,2,0.11353388
13,13,2,0.29852092
14,13,2,0.04966219
15,13,2,0.7699906
16,13,2,2.9902043
17,13,2,2.564645
18,13,2,1.5844107
19,13,2,0.017901132
20,13,2,0.097740404
21,13,2,3.582983
22,13,2,0.34725875
23,13,2,0.02306904
24,13,2,2.3441205
25,13,2,4.029618
26,13,2,0.1398859
27,13,2,1.33639
28,13,2,0.5920984
29,13,2,3.1470702
30,13,2,0.81465673
31,13,2,3.7793229
0,13,5,0.24660139
1,13,5,0.5498367
2,13,5,1.1049393
3,13,5,0.042163316
4,13,5,2.5150034
5,13,5,0.42412347
6,13,5,0.09068547
7,13,5,2.5083606
8,13,5,0.10747546
9,13,5,5.520337
10,13,5,0.6754169
11,13,5,2.1105816
12,13,5,0.14686777
13,13,5,0.5179265
14,13,5,0.06258973
15,13,5,1.3197975
16,13,5,3.9689317
17,13,5,2.9209383
18,13,5,2.7126863
19,13,5,0.0206457
20,13,5,0.12586726
21,13,5,4.9464097
22,13,5,0.7046308
23,13,5,0.025567548
24,13,5,2.6600509
25,13,5,4.6608267
26,13,5,0.22405897
27,13,5,1.7761618
28,13,5,0.7689367
29,13,5,3.34192
30,13,5,1.3608037
31,13,5,4.8012857
0,13,10,0.3971971
1,13,10,0.81642723
2,13,10,1.3182147
3,13,10,0.04995095
4,13,10,3.0122855
5,13,10,0.85613495
6,13,10,0.11435559
7,13,10,3.4412997
8,13,10,0.12816203
9,13,10,5.82666
10,13,10,0.922646
11,13,10,2.575849
12,13,10,0.25387666
13,13,10,0.8940221
14,13,10,0.08577285
15,13,10,2.068534
16,13,10,4.945017
17,13,10,3.2792377
18,13,10,3.8171875
19,13,10,0.023830945
20,13,10,0.15916915
21,13,10,5.980435
22,13,10,1.7618203
23,13,10,0.028458951
24,13,10,2.967266
25,13,10,5.2837834
26,13,10,0.42551142
27,13,10,2.2551441
28,13,10,0.96604055
29,13,10,3.5213046
30,13,10,2.0426128
31,13,10,5.650607
0,13,50,0.57998264
1,13,50,0.96396476
2,13,50,1.31974
3,13,50,0.07766057
4,13,50,3.1270938
5,13,50,1.2106936
6,13,50,0.1301893
7,13,50,4.489716
8,13,50,0.1256636
9,13,50,5.8728323
10,13,50,1.0727232
11,13,50,2.7181122
12,13,50,0.7942195
13,13,50,1.17726
14,13,50,0.10961513
15,13,50,2.7244296
16,13,50,5.1731052
17,13,50,3.372963
18,13,50,4.0054407
19,13,50,0.024084533
20,13,50,0.1867768
21,13,50,6.299739
22,13,50,2.4064896
23,13,50,0.027107358
24,13,50,3.0289264
25,13,50,5.466466
26,13,50,0.737654
27,13,50,2.3645093
28,13,50,1.0196537
29,13,50,3.5870273
30,13,50,2.3080156
31,13,50,5.877323
0,13,100,0.6043508
1,13,100,0.96735525
2,13,100,1.3051219
3,13,100,0.086576894
4,13,100,3.144026
5,13,100,1.2146536
6,13,100,0.13246134
7,13,100,4.4899926
8,13,100,0.12531143
9,13,100,5.8600135
10,13,100,1.0741969
11,13,100,2.7084534
12,13,100,0.7978156
13,13,100,1.1883367
14,13,100,0.10897054
15,13,100,2.770157
16,13,100,5.1773834
17,13,100,3.3769088
18,13,100,3.9973674
19,13,100,0.02447949
20,13,100,0.18337916
21,13,100,6.3105755
22,13,100,2.398759
23,13,100,0.026937004
24,13,100,3.0062685
25,13,100,5.459198
26,13,100,0.7451055
27,13,100,2.3679652
28,13,100,1.0164917
29,13,100,3.5935295
30,13,100,2.269977
31,13,100,5.870221
0,13,200,0.61398053
1,13,200,0.9616433
2,13,200,1.3163323
3,13,200,0.08529892
4,13,200,3.1383834
5,13,200,1.2134876
6,13,200,0.12884954
7,13,200,4.459816
8,13,200,0.12897624
9,13,200,5.866824
10,13,200,1.099157
11,13,200,2.714585
12,13,200,0.7870969
13,13,200,1.189898
14,13,200,0.10875606
15,13,200,2.7549727
16,13,200,5.179292
17,13,200,3.3667777
18,13,200,3.9968867
19,13,200,0.023547243
20,13,200,0.18444741
21,13,200,6.3116865
22,13,200,2.3911285
23,13,200,0.026920747
24,13,200,3.0121543
25,13,200,5.4637938
26,13,200,0.73789227
27,13,200,2.3679872
28,13,200,1.0161273
29,13,200,3.599602
30,13,200,2.260244
31,13,200,5.9077153
0,13,500,0.60713905
1,13,500,0.96891963
2,13,500,1.3042247
3,13,500,0.087071285
4,13,500,3.13408
5,13,500,1.2215505
6,13,500,0.13327987
7,13,500,4.4991693
8,13,500,0.12548119
9,13,500,5.8699036
10,13,500,1.0712609
11,13,500,2.7087278
12,13,500,0.7978909
13,13,500,1.1850606
14,13,500,0.108678475
15,13,500,2.7949963
16,13,500,5.16877
17,13,500,3.3722649
18,13,500,4.005154
19,13,500,0.02408559
20,13,500,0.18568142
21,13,500,6.322485
22,13,500,2.381022
23,13,500,0.02699368
24,13,500,3.0057602
25,13,500,5.455925
26,13,500,0.7483501
27,13,500,2.3665702
28,13,500,1.0211979
29,13,500,3.5966125
30,13,500,2.29775
31,13,500,5.87858
0,14,1,0.16402453
1,14,1,0.34206748
2,14,1,0.8044523
3,14,1,0.036930725
4,14,1,1.9055007
5,14,1,0.15096708
6,14,1,0.06804006
7,14,1,1.6271713
8,14,1,0.07812137
9,14,1,5.0491
10,14,1,0.4121695
11,14,1,1.5229434
12,14,1,0.10552385
13,14,1,0.23996519
14,14,1,0.045908693
15,14,1,0.6083792
16,14,1,2.6913304
17,14,1,2.4302995
18,14,1,1.163252
19,14,1,0.016470807
20,14,1,0.09023459
21,14,1,2.9848275
22,14,1,0.27470863
23,14,1,0.022394992
24,14,1,2.214971
25,14,1,3.7796152
26,14,1,0.11452863
27,14,1,1.1888336
28,14,1,0.532122
29,14,1,3.0362172
30,14,1,0.6687159
31,14,1,3.3389409
0,14,2,0.18302472
1,14,2,0.39218724
2,14,2,0.89799136
3,14,2,0.038807508
4,14,2,2.0665197
5,14,2,0.19211122
6,14,2,0.074317746
7,14,2,1.8604838
8,14,2,0.08863521
9,14,2,5.189657
10,14,2,0.5010142
11,14,2,1.6945193
12,14,2,0.11058892
13,14,2,0.30254397
14,14,2,0.050140116
15,14,2,0.7832055
16,14,2,3.0188289
17,14,2,2.5771182
18,14,2,1.5680025
19,14,2,0.018079802
20,14,2,0.09923357
21,14,2,3.619968
22,14,2,0.3423554
23,14,2,0.023086773
24,14,2,2.3371787
25,14,2,4.0381846
26,14,2,0.13761295
27,14,2,1.3470215
28,14,2,0.5912241
29,14,2,3.1300414
30,14,2,0.8114484
31,14,2,3.7701342
0,14,5,0.25642213
1,14,5,0.5439656
2,14,5,1.1102084
3,14,5,0.04302373
4,14,5,2.496799
5,14,5,0.42096657
6,14,5,0.09172299
7,14,5,2.5111046
8,14,5,0.10828818
9,14,5,5.5186667
10,14,5,0.68475807
11,14,5,2.1194205
12,14,5,0.1521862
13,14,5,0.5143444
14,14,5,0.062621266
15,14,5,1.3138156
16,14,5,3.9610765
17,14,5,2.9184763
18,14,5,2.717014
19,14,5,0.02071122
20,14,5,0.12458036
21,14,5,4.9472795
22,14,5,0.73529637
23,14,5,0.025686843
24,14,5,2.6759481
25,14,5,4.653858
26,14,5,0.21844591
27,14,5,1.7518222
28,14,5,0.7649401
29,14,5,3.3407004
30,14,5,1.3421321
31,14,5,4.7519436
0,14,10,0.3868878
1,14,10,0.8189699
2,14,10,1.3205117
3,14,10,0.04608878
4,14,10,3.0127633
5,14,10,0.88084584
6,14,10,0.1121003
7,14,10,3.4640229
8,14,10,0.1266112
9,14,10,5.823647
10,14,10,0.9213536
11,14,10,2.5647259
12,14,10,0.2656624
13,14,10,0.88248235
14,14,10,0.0854388
15,14,10,2.086965
16,14,10,4.970331
17,14,10,3.2721763
18,14,10,3.8386602
19,14,10,0.022519154
20,14,10,0.16050245
21,14,10,5.9751616
22,14,10,1.763326
23,14,10,0.02860878
24,14,10,2.9716263
25,14,10,5.307476
26,14,10,0.4196752
27,14,10,2.239831
28,14,10,0.9637866
29,14,10,3.5230637
30,14,10,2.0472312
31,14,10,5.67951
0,14,50,0.58059937
1,14,50,0.96352434
2,14,50,1.3106878
3,14,50,0.07531175
4,14,50,3.1255975
5,14,50,1.1931791
6,14,50,0.13199767
7,14,50,4.477779
8,14,50,0.12539619
9,14,50,5.8649936
10,14,50,1.0743185
11,14,50,2.7182777
12,14,50,0.7863011
13,14,50,1.1721567
14,14,50,0.10913913
15,14,50,2.7146504
16,14,50,5.1878314
17,14,50,3.3716006
18,14,50,4.0034256
19,14,50,0.02407556
20,14,50,0.18546164
21,14,50,6.298568
22,14,50,2.3934708
23,14,50,0.027405994
24,14,50,3.0257666
25,14,50,5.4584084
26,14,50,0.7276911
27,14,50,2.364294
28,14,50,1.0211753
29,14,50,3.591382
30,14,50,2.2952032
31,14,50,5.9074526
0,14,100,0.6153308
1,14,100,0.95896393
2,14,100,1.3114913
3,14,100,0.08552857
4,14,100,3.1446187
5,14,100,1.2087126
6,14,100,0.1313956
7,14,100,4.509676
8,14,100,0.12640302
9,14,100,5.859514
10,14,100,1.0829588
11,14,100,2.718916
12,14,100,0.80799794
13,14,100,1.1913269
14,14,100,0.10964364
15,14,100,2.7661
16,14,100,5.181763
17,14,100,3.3695455
18,14,100,4.012882
19,14,100,0.02397968
20,14,100,0.18603905
21,14,100,6.31293
22,14,100,2.4057434
23,14,100,0.027062831
24,14,100,3.0095267
25,14,100,5.456295
26,14,100,0.733927
27,14,100,2.360558
28,14,100,1.0137832
29,14,100,3.5759513
30,14,100,2.2619572
31,14,100,5.867401
0,14,200,0.62222433
1,14,200,0.96043545
2,14,200,1.3257154
3,14,200,0.08645149
4,14,200,3.1320918
5,14,200,1.2185504
6,14,200,0.13053308
7,14,200,4.5000334
8,14,200,0.12823239
9,14,200,5.8612742
10,14,200,1.0632752
11,14,200,2.7204173
12,14,200,0.8059692
13,14,200,1.1873802
14,14,200,0.109118916
15,14,200,2.7629569
16,14,200,5.1736155
17,14,200,3.3731647
18,14,200,3.996542
19,14,200,0.024356306
20,14,200,0.18629378
21,14,200,6.30851
22,14,200,2.4122508
23,14,200,0.026890349
24,14,200,3.01405
25,14,200,5.4697647
26,14,200,0.74702704
27,14,200,2.359325
28,14,200,1.0165794
29,14,200,3.6006396
30,14,200,2.2673228
31,14,200,5.9009895
0,14,500,0.61434764
1,14,500,0.9626298
2,14,500,1.3086352
3,14,500,0.08809674
4,14,500,3.1331766
5,14,500,1.2213075
6,14,500,0.13053097
7,14,500,4.483497
8,14,500,0.128461
9,14,500,5.860191
10,14,500,1.082346
11,14,500,2.7079668
12,14,500,0.8055576
13,14,500,1.1958195
14,14,500,0.10828209
15,14,500,2.8048563
16,14,500,5.200925
17,14,500,3.3792028
18,14,500,4.013502
19,14,500,0.024076145
20,14,500,0.18530846
21,14,500,6.346328
22,14,500,2.404797
23,14,500,0.02676208
24,14,500,2.9968596
25,14,500,5.463834
26,14,500,0.73498315
27,14,500,2.3630347
28,14,500,1.0189976
29,14,500,3.5857131
30,14,500,2.2685654
31,14,500,5.887514
0,15,1,0.16346246
1,15,1,0.3356351
2,15,1,0.8177342
3,15,1,0.036954165
4,15,1,1.9065534
5,15,1,0.14816543
6,15,1,0.06885421
7,15,1,1.6376228
8,15,1,0.0819539
9,15,1,5.058219
10,15,1,0.41523263
11,15,1,1.525859
12,15,1,0.10289046
13,15,1,0.23503229
14,15,1,0.04544287
15,15,1,0.6059861
16,15,1,2.6918395
17,15,1,2.422547
18,15,1,1.1633338
19,15,1,0.016367052
20,15,1,0.08824216
21,15,1,3.0301824
22,15,1,0.269677
23,15,1,0.022180703
24,15,1,2.2038398
25,15,1,3.7334323
26,15,1,0.118060745
27,15,1,1.1858218
28,15,1,0.5316796
29,15,1,3.0312004
30,15,1,0.68559
31,15,1,3.346772
0,15,2,0.18113032
1,15,2,0.38436112
2,15,2,0.90933186
3,15,2,0.038053002
4,15,2,2.0581622
5,15,2,0.20094196
6,15,2,0.074063666
7,15,2,1.8772898
8,15,2,0.08904842
9,15,2,5.192059
10,15,2,0.4738018
11,15,2,1.6909902
12,15,2,0.11155101
13,15,2,0.29029197
14,15,2,0.049782265
15,15,2,0.7706448
16,15,2,2.9884849
17,15,2,2.5599053
18,15,2,1.5547612
19,15,2,0.017810432
20,15,2,0.09991444
21,15,2,3.6241312
22,15,2,0.33813637
23,15,2,0.023209661
24,15,2,2.336069
25,15,2,3.9815419
26,15,2,0.13984531
27,15,2,1.3385324
28,15,2,0.59970737
29,15,2,3.1321876
30,15,2,0.8128752
31,15,2,3.8022625
0,15,5,0.25849915
1,15,5,0.552518
2,15,5,1.1046097
3,15,5,0.041957915
4,15,5,2.5051613
5,15,5,0.41385183
6,15,5,0.09159575
7,15,5,2.4902098
8,15,5,0.105276056
9,15,5,5.531453
10,15,5,0.6793917
11,15,5,2.1008692
12,15,5,0.14955938
13,15,5,0.51675576
14,15,5,0.0629793
15,15,5,1.3199017
16,15,5,3.9523158
17,15,5,2.9222875
18,15,5,2.6823971
19,15,5,0.020349877
20,15,5,0.12405084
21,15,5,4.956202
22,15,5,0.73822105
23,15,5,0.025564536
24,15,5,2.6609406
25,15,5,4.614681
26,15,5,0.22740853
27,15,5,1.7682914
28,15,5,0.7632283
29,15,5,3.3366325
30,15,5,1.2987185
31,15,5,4.7818775
0,15,10,0.3912566
1,15,10,0.80947196
2,15,10,1.2959349
3,15,10,0.050259665
4,15,10,3.0104585
5,15,10,0.8787967
6,15,10,0.115637414
7,15,10,3.4393706
8,15,10,0.1263286
9,15,10,5.833477
10,15,10,0.92361313
11,15,10,2.5828056
12,15,10,0.2539928
13,15,10,0.90266955
14,15,10,0.08565217
15,15,10,2.1001072
16,15,10,4.952471
17,15,10,3.2740607
18,15,10,3.8141484
19,15,10,0.023935698
20,15,10,0.1644005
21,15,10,5.996189
22,15,10,1.7837081
23,15,10,0.028363558
24,15,10,2.9649813
25,15,10,5.2880087
26,15,10,0.42879635
27,15,10,2.233335
28,15,10,0.9602714
29,15,10,3.516655
30,15,10,2.0484877
31,15,10,5.7186613
0,15,50,0.5750134
1,15,50,0.96764696
2,15,50,1.3298069
3,15,50,0.077546306
4,15,50,3.1361372
5,15,50,1.2075057
6,15,50,0.12848037
7,15,50,4.493874
8,15,50,0.12590931
9,15,50,5.8667107
10,15,50,1.0704131
11,15,50,2.714289
12,15,50,0.7505866
13,15,50,1.1692872
14,15,50,0.109154835
15,15,50,2.737044
16,15,50,5.182555
17,15,50,3.3714154
18,15,50,4.0145936
19,15,50,0.023848746
20,15,50,0.18596567
21,15,50,6.319686
22,15,50,2.4153857
23,15,50,0.027155245
24,15,50,3.0070434
25,15,50,5.455489
26,15,50,0.72193146
27,15,50,2.3629744
28,15,50,1.0147492
29,15,50,3.5814393
30,15,50,2.3012435
31,15,50,5.894653
0,15,100,0.6091264
1,15,100,0.9660093
2,15,100,1.3117682
3,15,100,0.08652629
4,15,100,3.142382
5,15,100,1.2047763
6,15,100,0.13019237
7,15,100,4.495144
8,15,100,0.12585668
9,15,100,5.8631873
10,15,100,1.0782379
11,15,100,2.7167513
12,15,100,0.805456
13,15,100,1.1826694
14,15,100,0.109183006
15,15,100,2.7634647
16,15,100,5.152278
17,15,100,3.372174
18,15,100,3.9949021
19,15,100,0.024176912
20,15,100,0.18640402
21,15,100,6.3348994
22,15,100,2.3827097
23,15,100,0.027105948
24,15,100,3.0003977
25,15,100,5.454522
26,15,100,0.7369162
27,15,100,2.36218
28,15,100,1.0137367
29,15,100,3.5947804
30,15,100,2.2836177
31,15,100,5.852101
0,15,200,0.60935766
1,15,200,0.9645033
2,15,200,1.3370522
3,15,200,0.087199755
4,15,200,3.1363192
5,15,200,1.2250942
6,15,200,0.13169383
7,15,200,4.486168
8,15,200,0.12798698
9,15,200,5.861131
10,15,200,1.0903242
11,15,200,2.7138693
12,15,200,0.7997388
13,15,200,1.1878173
14,15,200,0.10833914
15,15,200,2.7808146
16,15,200,5.1731606
17,15,200,3.3737874
18,15,200,4.018855
19,15,200,0.024141759
20,15,200,0.18702202
21,15,200,6.318947
22,15,200,2.3834043
23,15,200,0.027048407
24,15,200,3.0010583
25,15,200,5.450716
26,15,200,0.7419905
27,15,200,2.3627658
28,15,200,1.0161469
29,15,200,3.5942764
30,15,200,2.2738614
31,15,200,5.8884764
0,15,500,0.6115643
1,15,500,0.963208
2,15,500,1.3097982
3,15,500,0.087261505
4,15,500,3.138195
5,15,500,1.211298
6,15,500,0.13208796
7,15,500,4.4665937
8,15,500,0.1275638
9,15,500,5.865737
10,15,500,1.0802876
11,15,500,2.7094746
12,15,500,0.7931353
13,15,500,1.1948761
14,15,500,0.108952716
15,15,500,2.7881196
16,15,500,5.197811
17,15,500,3.3727632
18,15,500,4.0091496
19,15,500,0.024033578
20,15,500,0.18776643
21,15,500,6.3241835
22,15,500,2.379307
23,15,500,0.026799433
24,15,500,3.0108104
25,15,500,5.4641147
26,15,500,0.7435207
27,15,500,2.368969
28,15,500,1.0191644
29,15,500,3.5884655
30,15,500,2.2811708
31,15,500,5.889804
0,16,1,0.1627474
1,16,1,0.33281964
2,16,1,0.8141734
3,16,1,0.037041802
4,16,1,1.9032568
5,16,1,0.14410101
6,16,1,0.06893757
7,16,1,1.6340297
8,16,1,0.08146227
9,16,1,5.0713725
10,16,1,0.41654637
11,16,1,1.5270631
12,16,1,0.10446164
13,16,1,0.23393603
14,16,1,0.045358744
15,16,1,0.61357623
16,16,1,2.689031
17,16,1,2.4314628
18,16,1,1.148538
19,16,1,0.016557533
20,16,1,0.089632004
21,16,1,3.0356271
22,16,1,0.27126494
23,16,1,0.022457356
24,16,1,2.221405
25,16,1,3.74672
26,16,1,0.11733134
27,16,1,1.1801414
28,16,1,0.52835906
29,16,1,3.044767
30,16,1,0.67730737
31,16,1,3.3296447
0,16,2,0.18071517
1,16,2,0.38632184
2,16,2,0.89668006
3,16,2,0.038303528
4,16,2,2.0571485
5,16,2,0.19587062
6,16,2,0.07364325
7,16,2,1.8721081
8,16,2,0.085223354
9,16,2,5.198723
10,16,2,0.461935
11,16,2,1.6956414
12,16,2,0.11484188
13,16,2,0.29646102
14,16,2,0.04991385
15,16,2,0.76342577
16,16,2,3.0201015
17,16,2,2.5712678
18,16,2,1.5662006
19,16,2,0.017655967
20,16,2,0.09972844
21,16,2,3.6248374
22,16,2,0.34820738
23,16,2,0.023125898
24,16,2,2.3399634
25,16,2,3.9784532
26,16,2,0.13920292
27,16,2,1.3501107
28,16,2,0.5937716
29,16,2,3.1387653
30,16,2,0.8213432
31,16,2,3.799471
0,16,5,0.25562143
1,16,5,0.5605251
2,16,5,1.0939213
3,16,5,0.04341714
4,16,5,2.508562
5,16,5,0.40574554
6,16,5,0.09090579
7,16,5,2.527671
8,16,5,0.10636117
9,16,5,5.5312414
10,16,5,0.67490274
11,16,5,2.121338
12,16,5,0.14349543
13,16,5,0.52038795
14,16,5,0.06249011
15,16,5,1.3181769
16,16,5,3.9303796
17,16,5,2.9109035
18,16,5,2.7501228
19,16,5,0.020144897
20,16,5,0.122636296
21,16,5,4.910983
22,16,5,0.7079192
23,16,5,0.025752919
24,16,5,2.6573577
25,16,5,4.645014
26,16,5,0.22254613
27,16,5,1.7576652
28,16,5,0.76769793
29,16,5,3.3349326
30,16,5,1.3315287
31,16,5,4.7933683
0,16,10,0.39122766
1,16,10,0.80646646
2,16,10,1.2907753
3,16,10,0.050976064
4,16,10,3.0018342
5,16,10,0.8617042
6,16,10,0.115782775
7,16,10,3.4153876
8,16,10,0.12622549
9,16,10,5.828247
10,16,10,0.93744016
11,16,10,2.5762382
12,16,10,0.25135008
13,16,10,0.90749735
14,16,10,0.08674168
15,16,10,2.1083002
16,16,10,4.9861493
17,16,10,3.2713957
18,16,10,3.8110263
19,16,10,0.023915902
20,16,10,0.16489705
21,16,10,6.0070467
22,16,10,1.7611873
23,16,10,0.028393198
24,16,10,2.9686747
25,16,10,5.293394
26,16,10,0.41167918
27,16,10,2.2415307
28,16,10,0.9661918
29,16,10,3.5241988
30,16,10,2.042165
31,16,10,5.6698036
0,16,50,0.5759343
1,16,50,0.9646714
2,16,50,1.3025523
3,16,50,0.07734342
4,16,50,3.1318824
5,16,50,1.2098279
6,16,50,0.13367827
7,16,50,4.473528
8,16,50,0.13002019
9,16,50,5.869973
10,16,50,1.0734699
11,16,50,2.720001
12,16,50,0.76659256
13,16,50,1.177573
14,16,50,0.109928705
15,16,50,2.7328382
16,16,50,5.1797495
17,16,50,3.376678
18,16,50,4.004444
19,16,50,0.02393652
20,16,50,0.18676682
21,16,50,6.298502
22,16,50,2.3830884
23,16,50,0.02716102
24,16,50,3.0231476
25,16,50,5.4611826
26,16,50,0.72526515
27,16,50,2.35894
28,16,50,1.0179312
29,16,50,3.58566
30,16,50,2.2933736
31,16,50,5.8873434
0,16,100,0.6110991
1,16,100,0.9647978
2,16,100,1.3364067
3,16,100,0.08546603
4,16,100,3.132799
5,16,100,1.2033181
6,16,100,0.13357434
7,16,100,4.478911
8,16,100,0.12887254
9,16,100,5.8661566
10,16,100,1.0739021
11,16,100,2.7148938
12,16,100,0.79563457
13,16,100,1.185882
14,16,100,0.1087043
15,16,100,2.753815
16,16,100,5.18377
17,16,100,3.3776665
18,16,100,4.0022
19,16,100,0.024114085
20,16,100,0.18385148
21,16,100,6.289338
22,16,100,2.4011962
23,16,100,0.027202424
24,16,100,3.0128522
25,16,100,5.4556847
26,16,100,0.7450114
27,16,100,2.3719165
28,16,100,1.0206772
29,16,100,3.5912325
30,16,100,2.2881525
31,16,100,5.882773
0,16,200,0.6221334
1,16,200,0.9635128
2,16,200,1.3463446
3,16,200,0.08644007
4,16,200,3.1403086
5,16,200,1.2145123
6,16,200,0.1297399
7,16,200,4.4752827
8,16,200,0.12674107
9,16,200,5.876031
10,16,200,1.0808089
11,16,200,2.707371
12,16,200,0.8018988
13,16,200,1.1888411
14,16,200,0.10825987
15,16,200,2.763126
16,16,200,5.162882
17,16,200,3.3788068
18,16,200,4.010737
19,16,200,0.024257522
20,16,200,0.18681578
21,16,200,6.3184385
22,16,200,2.4092371
23,16,200,0.027082393
24,16,200,3.0135198
25,16,200,5.4564695
26,16,200,0.7435325
27,16,200,2.3579469
28,16,200,1.01345
29,16,200,3.5883272
30,16,200,2.274074
31,16,200,5.8827186
0,16,500,0.6129032
1,16,500,0.977432
2,16,500,1.3222945
3,16,500,0.087110676
4,16,500,3.136432
5,16,500,1.2159674
6,16,500,0.1312004
7,16,500,4.4763746
8,16,500,0.12556
9,16,500,5.8665705
10,16,500,1.0740699
11,16,500,2.7140787
12,16,500,0.8025199
13,16,500,1.1929196
14,16,500,0.10812329
15,16,500,2.7898557
16,16,500,5.193487
17,16,500,3.3717809
18,16,500,4.009248
19,16,500,0.023677755
20,16,500,0.18516612
21,16,500,6.3316846
22,16,500,2.390521
23,16,500,0.026906136
24,16,500,3.0097299
25,16,500,5.4663734
26,16,500,0.7383608
27,16,500,2.359941
28,16,500,1.0146936
29,16,500,3.585864
30,16,500,2.275745
31,16,500,5.8935184
0,17,1,0.16264124
1,17,1,0.33492777
2,17,1,0.81233054
3,17,1,0.03660916
4,17,1,1.9048404
5,17,1,0.14791065
6,17,1,0.0686616
7,17,1,1.6371026
8,17,1,0.079133786
9,17,1,5.0637703
10,17,1,0.4111394
11,17,1,1.5358202
12,17,1,0.10404167
13,17,1,0.23686755
14,17,1,0.045398433
15,17,1,0.5916875
16,17,1,2.6960394
17,17,1,2.4317832
18,17,1,1.1543337
19,17,1,0.016473388
20,17,1,0.09083034
21,17,1,3.0028367
22,17,1,0.277617
23,17,1,0.022222545
24,17,1,2.216373
25,17,1,3.7264037
26,17,1,0.118360244
27,17,1,1.1730518
28,17,1,0.5313711
29,17,1,3.0407362
30,17,1,0.6771059
31,17,1,3.3546333
0,17,2,0.17752789
1,17,2,0.37935075
2,17,2,0.8971027
3,17,2,0.037777204
4,17,2,2.0654087
5,17,2,0.19486332
6,17,2,0.07429178
7,17,2,1.8739063
8,17,2,0.08733445
9,17,2,5.2008057
10,17,2,0.4802511
11,17,2,1.6828918
12,17,2,0.11097275
13,17,2,0.30044487
14,17,2,0.049922843
15,17,2,0.7689433
16,17,2,3.0352855
17,17,2,2.559711
18,17,2,1.593872
19,17,2,0.018154189
20,17,2,0.099990465
21,17,2,3.5562673
22,17,2,0.34278607
23,17,2,0.023010686
24,17,2,2.3465774
25,17,2,4.0165215
26,17,2,0.13956417
27,17,2,1.3420722
28,17,2,0.5973313
29,17,2,3.1419675
30,17,2,0.81920135
31,17,2,3.788726
0,17,5,0.24977823
1,17,5,0.5417513
2,17,5,1.0976095
3,17,5,0.041854795
4,17,5,2.5015152
5,17,5,0.4260138
6,17,5,0.08830687
7,17,5,2.4962056
8,17,5,0.10669161
9,17,5,5.51579
10,17,5,0.68501
11,17,5,2.119217
12,17,5,0.14948969
13,17,5,0.5171005
14,17,5,0.062675595
15,17,5,1.3137084
16,17,5,3.9648092
17,17,5,2.920051
18,17,5,2.7329946
19,17,5,0.02075807
20,17,5,0.12532924
21,17,5,4.9831953
22,17,5,0.7057594
23,17,5,0.024622163
24,17,5,2.6565404
25,17,5,4.640012
26,17,5,0.22736752
27,17,5,1.7597451
28,17,5,0.7656254
29,17,5,3.3445957
30,17,5,1.3258923
31,17,5,4.8365216
0,17,10,0.39213532
1,17,10,0.8069364
2,17,10,1.3039196
3,17,10,0.049685013
4,17,10,3.0063689
5,17,10,0.85830843
6,17,10,0.11370501
7,17,10,3.4847732
8,17,10,0.12506494
9,17,10,5.8323255
10,17,10,0.9546091
11,17,10,2.5771475
12,17,10,0.26209044
13,17,10,0.9005443
14,17,10,0.08622529
15,17,10,2.1063027
16,17,10,4.9493194
17,17,10,3.2767031
18,17,10,3.8122196
19,17,10,0.024189139
20,17,10,0.16026565
21,17,10,5.9828415
22,17,10,1.7664397
23,17,10,0.028317329
24,17,10,2.9611917
25,17,10,5.2786627
26,17,10,0.4297953
27,17,10,2.2406375
28,17,10,0.97362185
29,17,10,3.5199666
30,17,10,2.042015
31,17,10,5.7061777
0,17,50,0.584458
1,17,50,0.96154
2,17,50,1.3364683
3,17,50,0.076927215
4,17,50,3.138088
5,17,50,1.2084675
6,17,50,0.13306022
7,17,50,4.497174
8,17,50,0.12855792
9,17,50,5.8611784
10,17,50,1.0738429
11,17,50,2.7219965
12,17,50,0.7738224
13,17,50,1.1722864
14,17,50,0.10834182
15,17,50,2.723395
16,17,50,5.1803384
17,17,50,3.372119
18,17,50,4.006546
19,17,50,0.02440317
20,17,50,0.18752499
21,17,50,6.3095236
22,17,50,2.4161549
23,17,50,0.027282096
24,17,50,3.020924
25,17,50,5.4620075
26,17,50,0.7281941
27,17,50,2.3580637
28,17,50,1.0143868
29,17,50,3.5964165
30,17,50,2.3162022
31,17,50,5.842703
0,17,100,0.61209327
1,17,100,0.9641732
2,17,100,1.3297405
3,17,100,0.084811874
4,17,100,3.144768
5,17,100,1.2080264
6,17,100,0.12903136
7,17,100,4.4842257
8,17,100,0.13123989
9,17,100,5.8610497
10,17,100,1.0803024
11,17,100,2.712334
12,17,100,0.77902097
13,17,100,1.1835468
14,17,100,0.10920545
15,17,100,2.7668488
16,17,100,5.1784086
17,17,100,3.372227
18,17,100,4.001846
19,17,100,0.024276018
20,17,100,0.18587193
21,17,100,6.3381863
22,17,100,2.4073992
23,17,100,0.02713446
24,17,100,3.0113368
25,17,100,5.4681396
26,17,100,0.7443695
27,17,100,2.358801
28,17,100,1.0121809
29,17,100,3.5810096
30,17,100,2.2571607
31,17,100,5.8836727
0,17,200,0.6110513
1,17,200,0.96727365
2,17,200,1.2926401
3,17,200,0.08604653
4,17,200,3.1454382
5,17,200,1.2085235
6,17,200,0.13288422
7,17,200,4.4737277
8,17,200,0.1299473
9,17,200,5.873699
10,17,200,1.0745909
11,17,200,2.7077637
12,17,200,0.80428755
13,17,200,1.1874076
14,17,200,0.10926525
15,17,200,2.7805414
16,17,200,5.197857
17,17,200,3.37279
18,17,200,4.006587
19,17,200,0.024561014
20,17,200,0.18547584
21,17,200,6.308726
22,17,200,2.4083936
23,17,200,0.026963403
24,17,200,3.0034323
25,17,200,5.464547
26,17,200,0.7474456
27,17,200,2.3667076
28,17,200,1.0159057
29,17,200,3.5800939
30,17,200,2.2820506
31,17,200,5.869601
0,17,500,0.61900306
1,17,500,0.96633166
2,17,500,1.3057841
3,17,500,0.087939866
4,17,500,3.1378481
5,17,500,1.2136931
6,17,500,0.12794365
7,17,500,4.4906063
8,17,500,0.12419245
9,17,500,5.85931
10,17,500,1.0980078
11,17,500,2.7192779
12,17,500,0.80879366
13,17,500,1.1886216
14,17,500,0.108981885
15,17,500,2.7695987
16,17,500,5.1793575
17,17,500,3.3706722
18,17,500,4.0006514
19,17,500,0.023946987
20,17,500,0.18637115
21,17,500,6.3324814
22,17,500,2.3809438
23,17,500,0.02700794
24,17,500,3.005176
25,17,500,5.448847
26,17,500,0.7389695
27,17,500,2.359189
28,17,500,1.0186183
29,17,500,3.587863
30,17,500,2.2788267
31,17,500,5.902493
0,18,1,0.16096942
1,18,1,0.33757052
2,18,1,0.80056727
3,18,1,0.037770666
4,18,1,1.9096993
5,18,1,0.14865361
6,18,1,0.06888021
7,18,1,1.6345931
8,18,1,0.08069668
9,18,1,5.055381
10,18,1,0.411341
11,18,1,1.5246937
12,18,1,0.10177718
13,18,1,0.23626016
14,18,1,0.045388833
15,18,1,0.6029672
16,18,1,2.7023485
17,18,1,2.4368558
18,18,1,1.1496376
19,18,1,0.01652256
20,18,1,0.09131558
21,18,1,3.0046701
22,18,1,0.27347133
23,18,1,0.022583386
24,18,1,2.213591
25,18,1,3.7531538
26,18,1,0.11787741
27,18,1,1.1863555
28,18,1,0.5343436
29,18,1,3.0281076
30,18,1,0.676727
31,18,1,3.3811374
0,18,2,0.18223019
1,18,2,0.3831542
2,18,2,0.895156
3,18,2,0.038759664
4,18,2,2.0649643
5,18,2,0.19128242
6,18,2,0.072635874
7,18,2,1.8594358
8,18,2,0.08723174
9,18,2,5.197919
10,18,2,0.47550982
11,18,2,1.6913811
12,18,2,0.11265991
13,18,2,0.29809922
14,18,2,0.049849793
15,18,2,0.7783611
16,18,2,3.0022988
17,18,2,2.566865
18,18,2,1.6195565
19,18,2,0.017773403
20,18,2,0.09866401
21,18,2,3.5832968
22,18,2,0.34423175
23,18,2,0.023129508
24,18,2,2.3365116
25,18,2,3.997008
26,18,2,0.13946417
27,18,2,1.3408673
28,18,2,0.59128445
29,18,2,3.1398046
30,18,2,0.7875298
31,18,2,3.7793827
0,18,5,0.25595427
1,18,5,0.5540121
2,18,5,1.1004093
3,18,5,0.042224288
4,18,5,2.4958556
5,18,5,0.42327625
6,18,5,0.090498194
7,18,5,2.5093632
8,18,5,0.106651895
9,18,5,5.5225925
10,18,5,0.674743
11,18,5,2.1166356
12,18,5,0.15452172
13,18,5,0.5232478
14,18,5,0.06225193
15,18,5,1.3125155
16,18,5,3.9559245
17,18,5,2.912398
18,18,5,2.689399
19,18,5,0.021163844
20,18,5,0.12675291
21,18,5,4.928308
22,18,5,0.7329156
23,18,5,0.025588913
24,18,5,2.6497211
25,18,5,4.6335645
26,18,5,0.22774698
27,18,5,1.7598958
28,18,5,0.77141225
29,18,5,3.3334153
30,18,5,1.3196405
31,18,5,4.7694654
0,18,10,0.397464
1,18,10,0.80315036
2,18,10,1.3058532
3,18,10,0.048680972
4,18,10,3.0042055
5,18,10,0.8589019
6,18,10,0.11589458
7,18,10,3.3421779
8,18,10,0.12797081
9,18,10,5.8223143
10,18,10,0.92536086
11,18,10,2.5751686
12,18,10,0.26195642
13,18,10,0.8966949
14,18,10,0.08601898
15,18,10,2.1041236
16,18,10,4.956495
17,18,10,3.2689886
18,18,10,3.7939541
19,18,10,0.024004927
20,18,10,0.1622978
21,18,10,6.0107465
22,18,10,1.7945406
23,18,10,0.028343031
24,18,10,2.96579
25,18,10,5.2838793
26,18,10,0.42463946
27,18,10,2.235909
28,18,10,0.97486836
29,18,10,3.5158546
30,18,10,2.0730164
31,18,10,5.7033877
0,18,50,0.5845758
1,18,50,0.96884674
2,18,50,1.2921242
3,18,50,0.07595389
4,18,50,3.1345327
5,18,50,1.2109098
6,18,50,0.13237096
7,18,50,4.495123
8,18,50,0.12814423
9,18,50,5.8694944
10,18,50,1.0696381
11,18,50,2.7210007
12,18,50,0.786346
13,18,50,1.1890594
14,18,50,0.10890726
15,18,50,2.7343895
16,18,50,5.1641583
17,18,50,3.37178
18,18,50,4.0234575
19,18,50,0.024069993
20,18,50,0.18753281
21,18,50,6.2904263
22,18,50,2.3867853
23,18,50,0.02714423
24,18,50,3.0278502
25,18,50,5.462083
26,18,50,0.728472
27,18,50,2.3703773
28,18,50,1.0135021
29,18,50,3.5927544
30,18,50,2.2936382
31,18,50,5.9107513
0,18,100,0.6034717
1,18,100,0.96969664
2,18,100,1.3161203
3,18,100,0.08581666
4,18,100,3.1399307
5,18,100,1.2138208
6,18,100,0.13289882
7,18,100,4.4802256
8,18,100,0.13192685
9,18,100,5.864043
10,18,100,1.0804
11,18,100,2.709602
12,18,100,0.7781035
13,18,100,1.1922868
14,18,100,0.108654104
15,18,100,2.775597
16,18,100,5.204441
17,18,100,3.3716645
18,18,100,4.0020328
19,18,100,0.024087906
20,18,100,0.18540019
21,18,100,6.314792
22,18,100,2.3833027
23,18,100,0.027354648
24,18,100,3.009171
25,18,100,5.4703264
26,18,100,0.7382286
27,18,100,2.3639078
28,18,100,1.0176735
29,18,100,3.5928998
30,18,100,2.2761655
31,18,100,5.912365
0,18,200,0.6182698
1,18,200,0.9647279
2,18,200,1.3234564
3,18,200,0.086306706
4,18,200,3.1369112
5,18,200,1.2154219
6,18,200,0.12665142
7,18,200,4.49215
8,18,200,0.1266581
9,18,200,5.8612213
10,18,200,1.0903032
11,18,200,2.715431
12,18,200,0.7986074
13,18,200,1.1893872
14,18,200,0.10877916
15,18,200,2.748843
16,18,200,5.1870556
17,18,200,3.3750448
18,18,200,4.00238
19,18,200,0.023862468
20,18,200,0.18554437
21,18,200,6.306008
22,18,200,2.4043071
23,18,200,0.026971295
24,18,200,3.0032554
25,18,200,5.469123
26,18,200,0.74266404
27,18,200,2.3583887
28,18,200,1.017359
29,18,200,3.5889983
30,18,200,2.2659774
31,18,200,5.892415
0,18,500,0.6151975
1,18,500,0.9639254
2,18,500,1.334917
3,18,500,0.08647277
4,18,500,3.136815
5,18,500,1.2103319
6,18,500,0.1297775
7,18,500,4.4631004
8,18,500,0.12941578
9,18,500,5.862507
10,18,500,1.1016365
11,18,500,2.7102726
12,18,500,0.7937914
13,18,500,1.201905
14,18,500,0.109609865
15,18,500,2.7935667
16,18,500,5.192031
17,18,500,3.3699925
18,18,500,4.0026965
19,18,500,0.024278603
20,18,500,0.18608645
21,18,500,6.338992
22,18,500,2.3863432
23,18,500,0.027009465
24,18,500,3.015649
25,18,500,5.4602423
26,18,500,0.74477285
27,18,500,2.3607163
28,18,500,1.0165169
29,18,500,3.581709
30,18,500,2.2744598
31,18,500,5.8925743
0,19,1,0.16290823
1,19,1,0.33302712
2,19,1,0.8144057
3,19,1,0.037210047
4,19,1,1.8961159
5,19,1,0.14404897
6,19,1,0.06852264
7,19,1,1.6535393
8,19,1,0.07948495
9,19,1,5.058021
10,19,1,0.4137044
11,19,1,1.5358422
12,19,1,0.10434099
13,19,1,0.2317932
14,19,1,0.045118097
15,19,1,0.60552096
16,19,1,2.6757858
17,19,1,2.428175
18,19,1,1.1476239
19,19,1,0.016403204
20,19,1,0.09066285
21,19,1,3.0091448
22,19,1,0.27318528
23,19,1,0.022318173
24,19,1,2.2082572
25,19,1,3.7259755
26,19,1,0.119715504
27,19,1,1.1769193
28,19,1,0.53566533
29,19,1,3.0451229
30,19,1,0.6678493
31,19,1,3.3373308
0,19,2,0.18227322
1,19,2,0.38920644
2,19,2,0.90294325
3,19,2,0.03875556
4,19,2,2.0639505
5,19,2,0.19443507
6,19,2,0.07501233
7,19,2,1.8443176
8,19,2,0.08769586
9,19,2,5.1955967
10,19,2,0.48112175
11,19,2,1.7009892
12,19,2,0.11428995
13,19,2,0.295423
14,19,2,0.049534712
15,19,2,0.77153885
16,19,2,3.0175197
17,19,2,2.5704112
18,19,2,1.5641885
19,19,2,0.018116586
20,19,2,0.09874494
21,19,2,3.6182156
22,19,2,0.34455383
23,19,2,0.022955587
24,19,2,2.3446302
25,19,2,3.9960191
26,19,2,0.13972695
27,19,2,1.3536336
28,19,2,0.5858202
29,19,2,3.127296
30,19,2,0.81141955
31,19,2,3.7850537
0,19,5,0.25011978
1,19,5,0.5525304
2,19,5,1.0953856
3,19,5,0.041801613
4,19,5,2.5028248
5,19,5,0.41151515
6,19,5,0.09207728
7,19,5,2.5091894
8,19,5,0.1054758
9,19,5,5.5285006
10,19,5,0.67623484
11,19,5,2.1218553
12,19,5,0.15095565
13,19,5,0.5257502
14,19,5,0.061977662
15,19,5,1.3221235
16,19,5,3.9612057
17,19,5,2.9152207
18,19,5,2.7128928
19,19,5,0.021311503
20,19,5,0.12589523
21,19,5,4.9420366
22,19,5,0.7128182
23,19,5,0.0257787
24,19,5,2.660674
25,19,5,4.6380014
26,19,5,0.22786067
27,19,5,1.7572964
28,19,5,0.7745685
29,19,5,3.3466296
30,19,5,1.3157537
31,19,5,4.870458
0,19,10,0.39421996
1,19,10,0.80563605
2,19,10,1.2924377
3,19,10,0.051118765
4,19,10,3.012033
5,19,10,0.87432104
6,19,10,0.12047117
7,19,10,3.4177594
8,19,10,0.12843439
9,19,10,5.8230515
10,19,10,0.9201728
11,19,10,2.5790539
12,19,10,0.2468126
13,19,10,0.8983137
14,19,10,0.08661821
15,19,10,2.1054816
16,19,10,4.98112
17,19,10,3.2674568
18,19,10,3.8166022
19,19,10,0.02487552
20,19,10,0.16117942
21,19,10,6.001463
22,19,10,1.7799454
23,19,10,0.02843672
24,19,10,2.9582343
25,19,10,5.290649
26,19,10,0.42029396
27,19,10,2.243844
28,19,10,0.9739517
29,19,10,3.514041
30,19,10,2.0374866
31,19,10,5.705202
0,19,50,0.57948494
1,19,50,0.96758175
2,19,50,1.3226359
3,19,50,0.07785846
4,19,50,3.1305733
5,19,50,1.2032218
6,19,50,0.13090828
7,19,50,4.476627
8,19,50,0.12600726
9,19,50,5.869051
10,19,50,1.0918561
11,19,50,2.7263315
12,19,50,0.76492536
13,19,50,1.1764456
14,19,50,0.10866511
15,19,50,2.711778
16,19,50,5.166258
17,19,50,3.3697536
18,19,50,4.0114136
19,19,50,0.023983054
20,19,50,0.18737541
21,19,50,6.310177
22,19,50,2.4055388
23,19,50,0.026801148
24,19,50,3.0269835
25,19,50,5.4551535
26,19,50,0.72929937
27,19,50,2.3588107
28,19,50,1.0169315
29,19,50,3.5963957
30,19,50,2.286356
31,19,50,5.8998528
0,19,100,0.609327
1,19,100,0.9671542
2,19,100,1.3113471
3,19,100,0.0866969
4,19,100,3.1438658
5,19,100,1.20861
6,19,100,0.13334
7,19,100,4.4943247
8,19,100,0.13217771
9,19,100,5.8656883
10,19,100,1.074725
11,19,100,2.714518
12,19,100,0.79568374
13,19,100,1.180815
14,19,100,0.10878714
15,19,100,2.762221
16,19,100,5.1718197
17,19,100,3.374502
18,19,100,4.0087156
19,19,100,0.024079988
20,19,100,0.18591063
21,19,100,6.2993803
22,19,100,2.37305
23,19,100,0.027246475
24,19,100,3.014968
25,19,100,5.4584017
26,19,100,0.7482916
27,19,100,2.357118
28,19,100,1.0171151
29,19,100,3.5816326
30,19,100,2.2855053
31,19,100,5.8765097
0,19,200,0.61451614
1,19,200,0.96604854
2,19,200,1.3206288
3,19,200,0.086478144
4,19,200,3.1386423
5,19,200,1.2202928
6,19,200,0.12801954
7,19,200,4.489822
8,19,200,0.12584999
9,19,200,5.870783
10,19,200,1.0871685
11,19,200,2.7095685
12,19,200,0.79380256
13,19,200,1.1880082
14,19,200,0.109429166
15,19,200,2.779669
16,19,200,5.1802454
17,19,200,3.3801963
18,19,200,4.002383
19,19,200,0.02435141
20,19,200,0.18600774
21,19,200,6.2969713
22,19,200,2.4043097
23,19,200,0.026829131
24,19,200,3.017689
25,19,200,5.4714694
26,19,200,0.7509118
27,19,200,2.366355
28,19,200,1.0182345
29,19,200,3.5848188
30,19,200,2.2812064
31,19,200,5.8595104
0,19,500,0.6179682
1,19,500,0.96400136
2,19,500,1.3325441
3,19,500,0.087552354
4,19,500,3.1409502
5,19,500,1.2167718
6,19,500,0.13096161
7,19,500,4.4826937
8,19,500,0.12504895
9,19,500,5.8569646
10,19,500,1.0865779
11,19,500,2.7105024
12,19,500,0.80357647
13,19,500,1.1895396
14,19,500,0.10915326
15,19,500,2.7765367
16,19,500,5.1740403
17,19,500,3.3714857
18,19,500,3.9942474
19,19,500,0.02422484
20,19,500,0.18639001
21,19,500,6.346382
22,19,500,2.404726
23,19,500,0.026979778
24,19,500,3.0039341
25,19,500,5.461972
26,19,500,0.7462268
27,19,500,2.3691845
28,19,500,1.016165
29,19,500,3.5899482
30,19,500,2.2635694
31,19,500,5.89011
